name,solver,length,turns,time,status
s128128_is1_lrc133_c00000000000,ILS,11522,1019,11,SUBOPTIMAL
s128128_is1_lrc133_c00000000000,ILS,11514,1001,12,SUBOPTIMAL
s128128_is1_lrc133_c00000000000,ILS,11516,1015,11,SUBOPTIMAL
s128128_is1_lrc133_c00000000000,ILS,11508,1027,11,SUBOPTIMAL
s128128_is1_lrc133_c00000000000,ILS,11512,1013,13,SUBOPTIMAL
s128128_is2_lrc055_c00000000000,ILS,8098,805,10,SUBOPTIMAL
s128128_is2_lrc055_c00000000000,ILS,8102,817,9,SUBOPTIMAL
s128128_is2_lrc055_c00000000000,ILS,8098,807,11,SUBOPTIMAL
s128128_is2_lrc055_c00000000000,ILS,8100,805,11,SUBOPTIMAL
s128128_is2_lrc055_c00000000000,ILS,8095,822,10,SUBOPTIMAL
s1616_ir0_lrc151_c00000000000,ILS,175,33,0,SUBOPTIMAL
s1616_ir0_lrc151_c00000000000,ILS,175,33,0,SUBOPTIMAL
s1616_ir0_lrc151_c00000000000,ILS,175,33,0,SUBOPTIMAL
s1616_ir0_lrc151_c00000000000,ILS,175,35,0,SUBOPTIMAL
s1616_ir0_lrc151_c00000000000,ILS,175,35,0,SUBOPTIMAL
s1616_ir1_lrc131_c00000000000,ILS,242,47,0,SUBOPTIMAL
s1616_ir1_lrc131_c00000000000,ILS,245,46,0,SUBOPTIMAL
s1616_ir1_lrc131_c00000000000,ILS,245,46,0,SUBOPTIMAL
s1616_ir1_lrc131_c00000000000,ILS,242,47,0,SUBOPTIMAL
s1616_ir1_lrc131_c00000000000,ILS,243,42,0,SUBOPTIMAL
s1616_ir1_lrc185_c00000000000,ILS,156,38,0,SUBOPTIMAL
s1616_ir1_lrc185_c00000000000,ILS,154,42,0,SUBOPTIMAL
s1616_ir1_lrc185_c00000000000,ILS,154,40,0,SUBOPTIMAL
s1616_ir1_lrc185_c00000000000,ILS,156,40,0,SUBOPTIMAL
s1616_ir1_lrc185_c00000000000,ILS,154,38,0,SUBOPTIMAL
s1616_ir2_lrc053_c00000000000,ILS,170,25,0,SUBOPTIMAL
s1616_ir2_lrc053_c00000000000,ILS,170,24,0,SUBOPTIMAL
s1616_ir2_lrc053_c00000000000,ILS,170,23,0,SUBOPTIMAL
s1616_ir2_lrc053_c00000000000,ILS,170,23,0,SUBOPTIMAL
s1616_ir2_lrc053_c00000000000,ILS,170,23,0,SUBOPTIMAL
s1616_is1_lrc155_c00000000000,ILS,136,23,0,SUBOPTIMAL
s1616_is1_lrc155_c00000000000,ILS,136,23,0,SUBOPTIMAL
s1616_is1_lrc155_c00000000000,ILS,136,25,0,SUBOPTIMAL
s1616_is1_lrc155_c00000000000,ILS,136,27,0,SUBOPTIMAL
s1616_is1_lrc155_c00000000000,ILS,136,25,0,SUBOPTIMAL
s1616_is2_lrc185_c00000000000,ILS,109,13,0,SUBOPTIMAL
s1616_is2_lrc185_c00000000000,ILS,109,13,0,SUBOPTIMAL
s1616_is2_lrc185_c00000000000,ILS,109,13,0,SUBOPTIMAL
s1616_is2_lrc185_c00000000000,ILS,108,21,0,SUBOPTIMAL
s1616_is2_lrc185_c00000000000,ILS,109,13,0,SUBOPTIMAL
s6464_ir1_lrc181_c00000000000,ILS,8425,1187,30,SUBOPTIMAL
s6464_ir1_lrc181_c00000000000,ILS,8427,1204,28,SUBOPTIMAL
s6464_ir1_lrc181_c00000000000,ILS,8426,1200,32,SUBOPTIMAL
s6464_ir1_lrc181_c00000000000,ILS,8426,1192,20,SUBOPTIMAL
s6464_ir1_lrc181_c00000000000,ILS,8425,1211,21,SUBOPTIMAL
s6464_is2_lrc133_c00000000000,ILS,3007,333,1,SUBOPTIMAL
s6464_is2_lrc133_c00000000000,ILS,3003,338,1,SUBOPTIMAL
s6464_is2_lrc133_c00000000000,ILS,3007,340,1,SUBOPTIMAL
s6464_is2_lrc133_c00000000000,ILS,3007,332,1,SUBOPTIMAL
s6464_is2_lrc133_c00000000000,ILS,3007,326,1,SUBOPTIMAL
s128128_is1_lrc133_c10000000000,ILS,11133,781,1200,SUBOPTIMAL
s128128_is1_lrc133_c10000000000,ILS,11105,769,1200,SUBOPTIMAL
s128128_is1_lrc133_c10000000000,ILS,11103,753,1200,SUBOPTIMAL
s128128_is1_lrc133_c10000000000,ILS,11107,779,1200,SUBOPTIMAL
s128128_is1_lrc133_c10000000000,ILS,11087,783,1200,SUBOPTIMAL
s128128_is2_lrc055_c10000000000,ILS,7575,481,1200,SUBOPTIMAL
s128128_is2_lrc055_c10000000000,ILS,7600,501,1200,SUBOPTIMAL
s128128_is2_lrc055_c10000000000,ILS,7581,492,1200,SUBOPTIMAL
s128128_is2_lrc055_c10000000000,ILS,7553,490,1200,SUBOPTIMAL
s128128_is2_lrc055_c10000000000,ILS,7532,479,1200,SUBOPTIMAL
s128128_is1_lrc133_c01000000000,ILS,10939,714,1201,SUBOPTIMAL
s128128_is1_lrc133_c01000000000,ILS,10856,745,1205,SUBOPTIMAL
s128128_is1_lrc133_c01000000000,ILS,10851,724,1200,SUBOPTIMAL
s128128_is1_lrc133_c01000000000,ILS,10894,723,1205,SUBOPTIMAL
s128128_is1_lrc133_c01000000000,ILS,10878,727,1201,SUBOPTIMAL
s128128_is1_lrc133_c00000010000,ILS,11342,925,1204,SUBOPTIMAL
s128128_is1_lrc133_c00000010000,ILS,11238,841,1204,SUBOPTIMAL
s128128_is1_lrc133_c00000010000,ILS,11326,911,1203,SUBOPTIMAL
s128128_is1_lrc133_c00000010000,ILS,11356,911,1201,SUBOPTIMAL
s128128_is1_lrc133_c00000010000,ILS,11359,924,1202,SUBOPTIMAL
s128128_is1_lrc133_c00001000000,ILS,10924,1182,1208,SUBOPTIMAL
s128128_is1_lrc133_c00001000000,ILS,10978,1180,1200,SUBOPTIMAL
s128128_is1_lrc133_c00001000000,ILS,10917,1176,1207,SUBOPTIMAL
s128128_is1_lrc133_c00001000000,ILS,10920,1198,1203,SUBOPTIMAL
s128128_is1_lrc133_c00001000000,ILS,10914,1262,1207,SUBOPTIMAL
s128128_is1_lrc133_c00100000000,ILS,11144,771,1201,SUBOPTIMAL
s128128_is1_lrc133_c00100000000,ILS,11068,781,1206,SUBOPTIMAL
s128128_is1_lrc133_c00100000000,ILS,11078,769,1211,SUBOPTIMAL
s128128_is1_lrc133_c00100000000,ILS,11086,777,1210,SUBOPTIMAL
s128128_is1_lrc133_c00100000000,ILS,11042,743,1206,SUBOPTIMAL
s128128_is1_lrc133_c00010000000,ILS,11215,840,1283,SUBOPTIMAL
s128128_is1_lrc133_c00010000000,ILS,11158,803,1252,SUBOPTIMAL
s128128_is1_lrc133_c00010000000,ILS,11200,847,1267,SUBOPTIMAL
s128128_is1_lrc133_c00010000000,ILS,11130,803,1201,SUBOPTIMAL
s128128_is1_lrc133_c00010000000,ILS,11144,835,1200,SUBOPTIMAL
s1616_ir0_lrc151_c10000000000,ILS,156,27,60,SUBOPTIMAL
s1616_ir0_lrc151_c10000000000,ILS,156,25,60,SUBOPTIMAL
s1616_ir0_lrc151_c10000000000,ILS,156,25,60,SUBOPTIMAL
s1616_ir0_lrc151_c10000000000,ILS,156,25,60,SUBOPTIMAL
s1616_ir0_lrc151_c10000000000,ILS,156,25,60,SUBOPTIMAL
s1616_ir0_lrc151_c01000000000,ILS,152,27,60,SUBOPTIMAL
s1616_ir0_lrc151_c01000000000,ILS,148,25,60,SUBOPTIMAL
s1616_ir0_lrc151_c01000000000,ILS,148,23,60,SUBOPTIMAL
s1616_ir0_lrc151_c01000000000,ILS,146,19,60,SUBOPTIMAL
s1616_ir0_lrc151_c01000000000,ILS,150,27,60,SUBOPTIMAL
s1616_ir0_lrc151_c00100000000,ILS,152,25,60,SUBOPTIMAL
s1616_ir0_lrc151_c00100000000,ILS,148,23,60,SUBOPTIMAL
s1616_ir0_lrc151_c00100000000,ILS,152,29,60,SUBOPTIMAL
s1616_ir0_lrc151_c00100000000,ILS,148,23,60,SUBOPTIMAL
s1616_ir0_lrc151_c00100000000,ILS,152,23,60,SUBOPTIMAL
s128128_is1_lrc133_c00000100000,ILS,11234,896,1492,SUBOPTIMAL
s128128_is1_lrc133_c00000100000,ILS,11285,962,1438,SUBOPTIMAL
s128128_is1_lrc133_c00000100000,ILS,11292,917,1442,SUBOPTIMAL
s128128_is1_lrc133_c00000100000,ILS,11240,911,1422,SUBOPTIMAL
s128128_is1_lrc133_c00000100000,ILS,11290,909,1417,SUBOPTIMAL
s1616_ir0_lrc151_c00010000000,ILS,163,29,60,SUBOPTIMAL
s1616_ir0_lrc151_c00010000000,ILS,154,27,60,SUBOPTIMAL
s1616_ir0_lrc151_c00010000000,ILS,148,21,60,SUBOPTIMAL
s1616_ir0_lrc151_c00010000000,ILS,148,19,60,SUBOPTIMAL
s1616_ir0_lrc151_c00010000000,ILS,161,27,60,SUBOPTIMAL
s1616_ir0_lrc151_c00001000000,ILS,151,29,60,SUBOPTIMAL
s1616_ir0_lrc151_c00001000000,ILS,150,27,60,SUBOPTIMAL
s1616_ir0_lrc151_c00001000000,ILS,157,31,60,SUBOPTIMAL
s1616_ir0_lrc151_c00001000000,ILS,154,35,60,SUBOPTIMAL
s1616_ir0_lrc151_c00001000000,ILS,150,29,60,SUBOPTIMAL
s1616_ir0_lrc151_c00000100000,ILS,154,25,60,SUBOPTIMAL
s1616_ir0_lrc151_c00000100000,ILS,162,27,60,SUBOPTIMAL
s1616_ir0_lrc151_c00000100000,ILS,166,27,60,SUBOPTIMAL
s1616_ir0_lrc151_c00000100000,ILS,166,27,60,SUBOPTIMAL
s1616_ir0_lrc151_c00000100000,ILS,169,29,60,SUBOPTIMAL
s1616_ir0_lrc151_c00000010000,ILS,148,21,60,SUBOPTIMAL
s1616_ir0_lrc151_c00000010000,ILS,154,25,60,SUBOPTIMAL
s1616_ir0_lrc151_c00000010000,ILS,146,21,60,SUBOPTIMAL
s1616_ir0_lrc151_c00000010000,ILS,164,27,60,SUBOPTIMAL
s1616_ir0_lrc151_c00000010000,ILS,148,23,60,SUBOPTIMAL
s1616_ir1_lrc131_c10000000000,ILS,235,38,60,SUBOPTIMAL
s1616_ir1_lrc131_c10000000000,ILS,229,35,60,SUBOPTIMAL
s1616_ir1_lrc131_c10000000000,ILS,227,32,60,SUBOPTIMAL
s1616_ir1_lrc131_c10000000000,ILS,225,34,60,SUBOPTIMAL
s1616_ir1_lrc131_c10000000000,ILS,229,33,60,SUBOPTIMAL
s1616_ir1_lrc131_c01000000000,ILS,223,29,60,SUBOPTIMAL
s1616_ir1_lrc131_c01000000000,ILS,215,39,60,SUBOPTIMAL
s1616_ir1_lrc131_c01000000000,ILS,227,36,60,SUBOPTIMAL
s1616_ir1_lrc131_c01000000000,ILS,223,39,60,SUBOPTIMAL
s1616_ir1_lrc131_c01000000000,ILS,218,33,60,SUBOPTIMAL
s1616_ir1_lrc131_c00100000000,ILS,225,35,60,SUBOPTIMAL
s1616_ir1_lrc131_c00100000000,ILS,225,33,60,SUBOPTIMAL
s1616_ir1_lrc131_c00100000000,ILS,223,37,60,SUBOPTIMAL
s1616_ir1_lrc131_c00100000000,ILS,227,33,60,SUBOPTIMAL
s1616_ir1_lrc131_c00100000000,ILS,221,29,60,SUBOPTIMAL
s1616_ir1_lrc131_c00010000000,ILS,234,35,60,SUBOPTIMAL
s1616_ir1_lrc131_c00010000000,ILS,234,33,60,SUBOPTIMAL
s1616_ir1_lrc131_c00010000000,ILS,226,41,60,SUBOPTIMAL
s1616_ir1_lrc131_c00010000000,ILS,223,31,60,SUBOPTIMAL
s1616_ir1_lrc131_c00010000000,ILS,228,35,60,SUBOPTIMAL
s1616_ir1_lrc131_c00001000000,ILS,219,39,60,SUBOPTIMAL
s1616_ir1_lrc131_c00001000000,ILS,217,44,60,SUBOPTIMAL
s1616_ir1_lrc131_c00001000000,ILS,219,37,60,SUBOPTIMAL
s1616_ir1_lrc131_c00001000000,ILS,221,43,60,SUBOPTIMAL
s1616_ir1_lrc131_c00001000000,ILS,219,33,60,SUBOPTIMAL
s1616_ir1_lrc131_c00000100000,ILS,232,39,60,SUBOPTIMAL
s1616_ir1_lrc131_c00000100000,ILS,237,39,60,SUBOPTIMAL
s1616_ir1_lrc131_c00000100000,ILS,229,39,60,SUBOPTIMAL
s1616_ir1_lrc131_c00000100000,ILS,231,36,60,SUBOPTIMAL
s1616_ir1_lrc131_c00000100000,ILS,229,37,60,SUBOPTIMAL
s1616_ir1_lrc131_c00000010000,ILS,228,33,60,SUBOPTIMAL
s1616_ir1_lrc131_c00000010000,ILS,220,31,60,SUBOPTIMAL
s1616_ir1_lrc131_c00000010000,ILS,228,35,60,SUBOPTIMAL
s1616_ir1_lrc131_c00000010000,ILS,226,37,60,SUBOPTIMAL
s1616_ir1_lrc131_c00000010000,ILS,221,35,60,SUBOPTIMAL
s1616_ir1_lrc185_c10000000000,ILS,140,28,60,SUBOPTIMAL
s1616_ir1_lrc185_c10000000000,ILS,136,30,60,SUBOPTIMAL
s1616_ir1_lrc185_c10000000000,ILS,138,28,60,SUBOPTIMAL
s1616_ir1_lrc185_c10000000000,ILS,138,28,60,SUBOPTIMAL
s1616_ir1_lrc185_c10000000000,ILS,136,30,60,SUBOPTIMAL
s1616_ir1_lrc185_c01000000000,ILS,130,30,60,SUBOPTIMAL
s1616_ir1_lrc185_c01000000000,ILS,124,24,60,SUBOPTIMAL
s1616_ir1_lrc185_c01000000000,ILS,130,30,60,SUBOPTIMAL
s1616_ir1_lrc185_c01000000000,ILS,126,28,60,SUBOPTIMAL
s1616_ir1_lrc185_c01000000000,ILS,122,26,60,SUBOPTIMAL
s1616_ir1_lrc185_c00100000000,ILS,145,29,60,SUBOPTIMAL
s1616_ir1_lrc185_c00100000000,ILS,136,28,60,SUBOPTIMAL
s1616_ir1_lrc185_c00100000000,ILS,145,29,60,SUBOPTIMAL
s1616_ir1_lrc185_c00100000000,ILS,129,27,60,SUBOPTIMAL
s1616_ir1_lrc185_c00100000000,ILS,145,29,60,SUBOPTIMAL
s1616_ir1_lrc185_c00010000000,ILS,129,27,60,SUBOPTIMAL
s1616_ir1_lrc185_c00010000000,ILS,141,31,60,SUBOPTIMAL
s1616_ir1_lrc185_c00010000000,ILS,145,29,60,SUBOPTIMAL
s1616_ir1_lrc185_c00010000000,ILS,133,31,60,SUBOPTIMAL
s1616_ir1_lrc185_c00010000000,ILS,143,29,60,SUBOPTIMAL
s1616_ir1_lrc185_c00001000000,ILS,142,40,60,SUBOPTIMAL
s1616_ir1_lrc185_c00001000000,ILS,138,38,60,SUBOPTIMAL
s1616_ir1_lrc185_c00001000000,ILS,138,38,60,SUBOPTIMAL
s1616_ir1_lrc185_c00001000000,ILS,138,38,60,SUBOPTIMAL
s1616_ir1_lrc185_c00001000000,ILS,142,38,60,SUBOPTIMAL
s1616_ir1_lrc185_c00000100000,ILS,140,34,60,SUBOPTIMAL
s1616_ir1_lrc185_c00000100000,ILS,136,32,60,SUBOPTIMAL
s1616_ir1_lrc185_c00000100000,ILS,140,30,60,SUBOPTIMAL
s1616_ir1_lrc185_c00000100000,ILS,146,34,60,SUBOPTIMAL
s1616_ir1_lrc185_c00000100000,ILS,142,29,60,SUBOPTIMAL
s1616_ir1_lrc185_c00000010000,ILS,134,32,60,SUBOPTIMAL
s1616_ir1_lrc185_c00000010000,ILS,130,26,60,SUBOPTIMAL
s1616_ir1_lrc185_c00000010000,ILS,137,23,60,SUBOPTIMAL
s1616_ir1_lrc185_c00000010000,ILS,136,30,60,SUBOPTIMAL
s1616_ir1_lrc185_c00000010000,ILS,134,24,60,SUBOPTIMAL
s1616_ir2_lrc053_c10000000000,ILS,162,19,60,SUBOPTIMAL
s1616_ir2_lrc053_c10000000000,ILS,162,22,60,SUBOPTIMAL
s1616_ir2_lrc053_c10000000000,ILS,162,19,60,SUBOPTIMAL
s1616_ir2_lrc053_c10000000000,ILS,162,24,60,SUBOPTIMAL
s1616_ir2_lrc053_c10000000000,ILS,162,19,60,SUBOPTIMAL
s1616_ir2_lrc053_c01000000000,ILS,162,20,60,SUBOPTIMAL
s1616_ir2_lrc053_c01000000000,ILS,162,19,60,SUBOPTIMAL
s1616_ir2_lrc053_c01000000000,ILS,168,22,60,SUBOPTIMAL
s1616_ir2_lrc053_c01000000000,ILS,162,19,60,SUBOPTIMAL
s1616_ir2_lrc053_c01000000000,ILS,162,19,60,SUBOPTIMAL
s1616_ir2_lrc053_c00100000000,ILS,162,21,60,SUBOPTIMAL
s1616_ir2_lrc053_c00100000000,ILS,162,21,60,SUBOPTIMAL
s1616_ir2_lrc053_c00100000000,ILS,162,22,60,SUBOPTIMAL
s1616_ir2_lrc053_c00100000000,ILS,162,22,60,SUBOPTIMAL
s1616_ir2_lrc053_c00100000000,ILS,162,21,60,SUBOPTIMAL
s1616_ir2_lrc053_c00010000000,ILS,170,24,60,SUBOPTIMAL
s1616_ir2_lrc053_c00010000000,ILS,164,21,60,SUBOPTIMAL
s1616_ir2_lrc053_c00010000000,ILS,164,24,60,SUBOPTIMAL
s1616_ir2_lrc053_c00010000000,ILS,164,21,60,SUBOPTIMAL
s1616_ir2_lrc053_c00010000000,ILS,164,22,60,SUBOPTIMAL
s1616_ir2_lrc053_c00001000000,ILS,162,22,60,SUBOPTIMAL
s1616_ir2_lrc053_c00001000000,ILS,160,24,60,SUBOPTIMAL
s1616_ir2_lrc053_c00001000000,ILS,162,22,60,SUBOPTIMAL
s1616_ir2_lrc053_c00001000000,ILS,160,24,60,SUBOPTIMAL
s1616_ir2_lrc053_c00001000000,ILS,160,24,60,SUBOPTIMAL
s1616_ir2_lrc053_c00000100000,ILS,166,19,60,SUBOPTIMAL
s1616_ir2_lrc053_c00000100000,ILS,166,20,60,SUBOPTIMAL
s1616_ir2_lrc053_c00000100000,ILS,166,25,60,SUBOPTIMAL
s1616_ir2_lrc053_c00000100000,ILS,166,19,60,SUBOPTIMAL
s1616_ir2_lrc053_c00000100000,ILS,166,20,60,SUBOPTIMAL
s1616_ir2_lrc053_c00000010000,ILS,162,20,60,SUBOPTIMAL
s1616_ir2_lrc053_c00000010000,ILS,162,19,60,SUBOPTIMAL
s1616_ir2_lrc053_c00000010000,ILS,162,20,60,SUBOPTIMAL
s1616_ir2_lrc053_c00000010000,ILS,164,24,60,SUBOPTIMAL
s1616_ir2_lrc053_c00000010000,ILS,166,19,60,SUBOPTIMAL
s1616_is1_lrc155_c10000000000,ILS,123,19,60,SUBOPTIMAL
s1616_is1_lrc155_c10000000000,ILS,130,19,60,SUBOPTIMAL
s1616_is1_lrc155_c10000000000,ILS,129,19,60,SUBOPTIMAL
s1616_is1_lrc155_c10000000000,ILS,130,19,60,SUBOPTIMAL
s1616_is1_lrc155_c10000000000,ILS,129,21,60,SUBOPTIMAL
s1616_is1_lrc155_c01000000000,ILS,130,19,60,SUBOPTIMAL
s1616_is1_lrc155_c01000000000,ILS,116,17,60,SUBOPTIMAL
s1616_is1_lrc155_c01000000000,ILS,120,19,60,SUBOPTIMAL
s1616_is1_lrc155_c01000000000,ILS,130,19,60,SUBOPTIMAL
s1616_is1_lrc155_c01000000000,ILS,121,23,60,SUBOPTIMAL
s1616_is1_lrc155_c00100000000,ILS,128,21,60,SUBOPTIMAL
s1616_is1_lrc155_c00100000000,ILS,123,21,60,SUBOPTIMAL
s1616_is1_lrc155_c00100000000,ILS,125,19,60,SUBOPTIMAL
s1616_is1_lrc155_c00100000000,ILS,128,21,60,SUBOPTIMAL
s1616_is1_lrc155_c00100000000,ILS,128,21,60,SUBOPTIMAL
s1616_is1_lrc155_c00010000000,ILS,123,21,60,SUBOPTIMAL
s1616_is1_lrc155_c00010000000,ILS,128,21,60,SUBOPTIMAL
s1616_is1_lrc155_c00010000000,ILS,128,21,60,SUBOPTIMAL
s1616_is1_lrc155_c00010000000,ILS,128,21,60,SUBOPTIMAL
s1616_is1_lrc155_c00010000000,ILS,128,21,60,SUBOPTIMAL
s1616_is1_lrc155_c00001000000,ILS,125,23,60,SUBOPTIMAL
s1616_is1_lrc155_c00001000000,ILS,125,21,60,SUBOPTIMAL
s1616_is1_lrc155_c00001000000,ILS,125,25,60,SUBOPTIMAL
s1616_is1_lrc155_c00001000000,ILS,125,21,60,SUBOPTIMAL
s1616_is1_lrc155_c00001000000,ILS,123,21,60,SUBOPTIMAL
s1616_is1_lrc155_c00000100000,ILS,125,18,60,SUBOPTIMAL
s1616_is1_lrc155_c00000100000,ILS,132,19,60,SUBOPTIMAL
s1616_is1_lrc155_c00000100000,ILS,129,21,60,SUBOPTIMAL
s1616_is1_lrc155_c00000100000,ILS,134,22,60,SUBOPTIMAL
s1616_is1_lrc155_c00000100000,ILS,127,25,60,SUBOPTIMAL
s128128_is2_lrc055_c01000000000,ILS,7415,416,1202,SUBOPTIMAL
s128128_is2_lrc055_c01000000000,ILS,7439,454,1206,SUBOPTIMAL
s128128_is2_lrc055_c01000000000,ILS,7438,429,1204,SUBOPTIMAL
s128128_is2_lrc055_c01000000000,ILS,7378,447,1202,SUBOPTIMAL
s128128_is2_lrc055_c01000000000,ILS,7457,454,1201,SUBOPTIMAL
s128128_is2_lrc055_c00100000000,ILS,7592,505,1205,SUBOPTIMAL
s128128_is2_lrc055_c00100000000,ILS,7521,468,1203,SUBOPTIMAL
s128128_is2_lrc055_c00100000000,ILS,7510,505,1203,SUBOPTIMAL
s128128_is2_lrc055_c00100000000,ILS,7552,479,1203,SUBOPTIMAL
s128128_is2_lrc055_c00100000000,ILS,7511,484,1208,SUBOPTIMAL
s128128_is2_lrc055_c00001000000,ILS,7440,826,1203,SUBOPTIMAL
s128128_is2_lrc055_c00001000000,ILS,7465,835,1204,SUBOPTIMAL
s128128_is2_lrc055_c00001000000,ILS,7498,859,1203,SUBOPTIMAL
s128128_is2_lrc055_c00001000000,ILS,7402,923,1200,SUBOPTIMAL
s128128_is2_lrc055_c00001000000,ILS,7439,841,1205,SUBOPTIMAL
s128128_is2_lrc055_c00000010000,ILS,7770,579,1201,SUBOPTIMAL
s128128_is2_lrc055_c00000010000,ILS,7766,589,1203,SUBOPTIMAL
s128128_is2_lrc055_c00000010000,ILS,7810,605,1203,SUBOPTIMAL
s128128_is2_lrc055_c00000010000,ILS,7720,573,1203,SUBOPTIMAL
s128128_is2_lrc055_c00000010000,ILS,7778,619,1202,SUBOPTIMAL
s1616_is1_lrc155_c00000010000,ILS,130,19,60,SUBOPTIMAL
s1616_is1_lrc155_c00000010000,ILS,125,17,60,SUBOPTIMAL
s1616_is1_lrc155_c00000010000,ILS,127,17,60,SUBOPTIMAL
s1616_is1_lrc155_c00000010000,ILS,132,19,60,SUBOPTIMAL
s1616_is1_lrc155_c00000010000,ILS,127,17,60,SUBOPTIMAL
s1616_is2_lrc185_c10000000000,ILS,101,11,60,SUBOPTIMAL
s1616_is2_lrc185_c10000000000,ILS,100,14,60,SUBOPTIMAL
s1616_is2_lrc185_c10000000000,ILS,97,11,60,SUBOPTIMAL
s1616_is2_lrc185_c10000000000,ILS,101,11,60,SUBOPTIMAL
s1616_is2_lrc185_c10000000000,ILS,102,14,60,SUBOPTIMAL
s128128_is2_lrc055_c00010000000,ILS,7680,543,1236,SUBOPTIMAL
s128128_is2_lrc055_c00010000000,ILS,7610,541,1275,SUBOPTIMAL
s128128_is2_lrc055_c00010000000,ILS,7652,537,1261,SUBOPTIMAL
s128128_is2_lrc055_c00010000000,ILS,7696,545,1267,SUBOPTIMAL
s128128_is2_lrc055_c00010000000,ILS,7653,574,1250,SUBOPTIMAL
s1616_is2_lrc185_c01000000000,ILS,95,11,60,SUBOPTIMAL
s1616_is2_lrc185_c01000000000,ILS,95,11,60,SUBOPTIMAL
s1616_is2_lrc185_c01000000000,ILS,89,15,60,SUBOPTIMAL
s1616_is2_lrc185_c01000000000,ILS,91,13,60,SUBOPTIMAL
s1616_is2_lrc185_c01000000000,ILS,97,11,60,SUBOPTIMAL
s1616_is2_lrc185_c00100000000,ILS,105,15,60,SUBOPTIMAL
s1616_is2_lrc185_c00100000000,ILS,107,13,60,SUBOPTIMAL
s1616_is2_lrc185_c00100000000,ILS,100,15,60,SUBOPTIMAL
s1616_is2_lrc185_c00100000000,ILS,97,13,60,SUBOPTIMAL
s1616_is2_lrc185_c00100000000,ILS,107,13,60,SUBOPTIMAL
s1616_is2_lrc185_c00010000000,ILS,107,13,60,SUBOPTIMAL
s1616_is2_lrc185_c00010000000,ILS,107,13,60,SUBOPTIMAL
s1616_is2_lrc185_c00010000000,ILS,107,13,60,SUBOPTIMAL
s1616_is2_lrc185_c00010000000,ILS,107,13,60,SUBOPTIMAL
s1616_is2_lrc185_c00010000000,ILS,99,13,60,SUBOPTIMAL
s1616_is2_lrc185_c00001000000,ILS,95,19,60,SUBOPTIMAL
s1616_is2_lrc185_c00001000000,ILS,93,19,60,SUBOPTIMAL
s1616_is2_lrc185_c00001000000,ILS,95,19,60,SUBOPTIMAL
s1616_is2_lrc185_c00001000000,ILS,96,21,60,SUBOPTIMAL
s1616_is2_lrc185_c00001000000,ILS,95,19,60,SUBOPTIMAL
s1616_is2_lrc185_c00000100000,ILS,102,15,60,SUBOPTIMAL
s1616_is2_lrc185_c00000100000,ILS,90,15,60,SUBOPTIMAL
s1616_is2_lrc185_c00000100000,ILS,93,15,60,SUBOPTIMAL
s1616_is2_lrc185_c00000100000,ILS,100,13,60,SUBOPTIMAL
s1616_is2_lrc185_c00000100000,ILS,104,13,60,SUBOPTIMAL
s1616_is2_lrc185_c00000010000,ILS,103,11,60,SUBOPTIMAL
s1616_is2_lrc185_c00000010000,ILS,109,13,60,SUBOPTIMAL
s1616_is2_lrc185_c00000010000,ILS,101,11,60,SUBOPTIMAL
s1616_is2_lrc185_c00000010000,ILS,95,13,60,SUBOPTIMAL
s1616_is2_lrc185_c00000010000,ILS,103,11,60,SUBOPTIMAL
s128128_is2_lrc055_c00000100000,ILS,7830,651,1364,SUBOPTIMAL
s128128_is2_lrc055_c00000100000,ILS,7858,667,1268,SUBOPTIMAL
s128128_is2_lrc055_c00000100000,ILS,7874,689,1384,SUBOPTIMAL
s128128_is2_lrc055_c00000100000,ILS,7812,691,1319,SUBOPTIMAL
s128128_is2_lrc055_c00000100000,ILS,7816,673,1367,SUBOPTIMAL
s6464_ir1_lrc181_c10000000000,ILS,8321,1049,600,SUBOPTIMAL
s6464_ir1_lrc181_c10000000000,ILS,8319,1051,600,SUBOPTIMAL
s6464_ir1_lrc181_c10000000000,ILS,8297,1051,600,SUBOPTIMAL
s6464_ir1_lrc181_c10000000000,ILS,8297,1058,600,SUBOPTIMAL
s6464_ir1_lrc181_c10000000000,ILS,8317,1068,600,SUBOPTIMAL
s6464_ir1_lrc181_c01000000000,ILS,8239,1012,601,SUBOPTIMAL
s6464_ir1_lrc181_c01000000000,ILS,8245,1003,600,SUBOPTIMAL
s6464_ir1_lrc181_c01000000000,ILS,8203,999,601,SUBOPTIMAL
s6464_ir1_lrc181_c01000000000,ILS,8214,994,600,SUBOPTIMAL
s6464_ir1_lrc181_c01000000000,ILS,8227,999,600,SUBOPTIMAL
s6464_ir1_lrc181_c00100000000,ILS,8340,1086,602,SUBOPTIMAL
s6464_ir1_lrc181_c00100000000,ILS,8351,1084,601,SUBOPTIMAL
s6464_ir1_lrc181_c00100000000,ILS,8349,1099,601,SUBOPTIMAL
s6464_ir1_lrc181_c00100000000,ILS,8335,1079,602,SUBOPTIMAL
s6464_ir1_lrc181_c00100000000,ILS,8325,1079,601,SUBOPTIMAL
s6464_ir1_lrc181_c00010000000,ILS,8343,1088,614,SUBOPTIMAL
s6464_ir1_lrc181_c00010000000,ILS,8367,1093,609,SUBOPTIMAL
s6464_ir1_lrc181_c00010000000,ILS,8344,1076,610,SUBOPTIMAL
s6464_ir1_lrc181_c00010000000,ILS,8350,1082,604,SUBOPTIMAL
s6464_ir1_lrc181_c00010000000,ILS,8339,1090,617,SUBOPTIMAL
s6464_ir1_lrc181_c00001000000,ILS,8088,1438,612,SUBOPTIMAL
s6464_ir1_lrc181_c00001000000,ILS,8028,1490,607,SUBOPTIMAL
s6464_ir1_lrc181_c00001000000,ILS,8035,1498,603,SUBOPTIMAL
s6464_ir1_lrc181_c00001000000,ILS,8109,1384,608,SUBOPTIMAL
s6464_ir1_lrc181_c00001000000,ILS,8063,1499,615,SUBOPTIMAL
s6464_is2_lrc133_c10000000000,ILS,2869,256,600,SUBOPTIMAL
s6464_is2_lrc133_c10000000000,ILS,2853,263,600,SUBOPTIMAL
s6464_is2_lrc133_c10000000000,ILS,2865,250,600,SUBOPTIMAL
s6464_is2_lrc133_c10000000000,ILS,2865,245,600,SUBOPTIMAL
s6464_is2_lrc133_c10000000000,ILS,2859,255,600,SUBOPTIMAL
s6464_is2_lrc133_c00100000000,ILS,2847,261,600,SUBOPTIMAL
s6464_is2_lrc133_c00100000000,ILS,2865,253,600,SUBOPTIMAL
s6464_is2_lrc133_c00100000000,ILS,2851,243,600,SUBOPTIMAL
s6464_is2_lrc133_c00100000000,ILS,2855,257,600,SUBOPTIMAL
s6464_is2_lrc133_c00100000000,ILS,2857,247,600,SUBOPTIMAL
s6464_is2_lrc133_c01000000000,ILS,2797,240,600,SUBOPTIMAL
s6464_is2_lrc133_c01000000000,ILS,2787,236,600,SUBOPTIMAL
s6464_is2_lrc133_c01000000000,ILS,2774,241,600,SUBOPTIMAL
s6464_is2_lrc133_c01000000000,ILS,2782,248,600,SUBOPTIMAL
s6464_is2_lrc133_c01000000000,ILS,2794,245,600,SUBOPTIMAL
s6464_is2_lrc133_c00001000000,ILS,2786,386,600,SUBOPTIMAL
s6464_is2_lrc133_c00001000000,ILS,2780,379,600,SUBOPTIMAL
s6464_is2_lrc133_c00001000000,ILS,2811,371,600,SUBOPTIMAL
s6464_is2_lrc133_c00001000000,ILS,2773,371,600,SUBOPTIMAL
s6464_is2_lrc133_c00001000000,ILS,2803,357,601,SUBOPTIMAL
s6464_ir1_lrc181_c00000010000,ILS,8313,1018,601,SUBOPTIMAL
s6464_ir1_lrc181_c00000010000,ILS,8309,1049,601,SUBOPTIMAL
s6464_ir1_lrc181_c00000010000,ILS,8324,1040,601,SUBOPTIMAL
s6464_ir1_lrc181_c00000010000,ILS,8300,1036,601,SUBOPTIMAL
s6464_ir1_lrc181_c00000010000,ILS,8306,1030,601,SUBOPTIMAL
s6464_is2_lrc133_c00010000000,ILS,2867,270,603,SUBOPTIMAL
s6464_is2_lrc133_c00010000000,ILS,2861,252,601,SUBOPTIMAL
s6464_is2_lrc133_c00010000000,ILS,2857,253,602,SUBOPTIMAL
s6464_is2_lrc133_c00010000000,ILS,2873,248,602,SUBOPTIMAL
s6464_is2_lrc133_c00010000000,ILS,2879,265,604,SUBOPTIMAL
s6464_is2_lrc133_c00000100000,ILS,2903,300,601,SUBOPTIMAL
s6464_is2_lrc133_c00000100000,ILS,2927,293,617,SUBOPTIMAL
s6464_is2_lrc133_c00000100000,ILS,2933,301,614,SUBOPTIMAL
s6464_is2_lrc133_c00000100000,ILS,2919,285,617,SUBOPTIMAL
s6464_is2_lrc133_c00000100000,ILS,2889,290,620,SUBOPTIMAL
s6464_ir1_lrc181_c00000100000,ILS,8370,1138,699,SUBOPTIMAL
s6464_ir1_lrc181_c00000100000,ILS,8359,1120,693,SUBOPTIMAL
s6464_ir1_lrc181_c00000100000,ILS,8361,1140,679,SUBOPTIMAL
s6464_ir1_lrc181_c00000100000,ILS,8364,1129,667,SUBOPTIMAL
s6464_ir1_lrc181_c00000100000,ILS,8365,1157,691,SUBOPTIMAL
s6464_is2_lrc133_c00000010000,ILS,2803,236,601,SUBOPTIMAL
s6464_is2_lrc133_c00000010000,ILS,2811,231,601,SUBOPTIMAL
s6464_is2_lrc133_c00000010000,ILS,2821,233,601,SUBOPTIMAL
s6464_is2_lrc133_c00000010000,ILS,2807,221,601,SUBOPTIMAL
s6464_is2_lrc133_c00000010000,ILS,2803,243,601,SUBOPTIMAL
s1616_ir0_lrc151_c01000001000,ILS,146,25,60,SUBOPTIMAL
s1616_ir0_lrc151_c01000001000,ILS,141,23,60,SUBOPTIMAL
s1616_ir0_lrc151_c01000001000,ILS,143,23,60,SUBOPTIMAL
s1616_ir0_lrc151_c01000001000,ILS,136,29,60,SUBOPTIMAL
s1616_ir0_lrc151_c01000001000,ILS,142,23,60,SUBOPTIMAL
s1616_ir0_lrc151_c01000000100,ILS,130,24,60,SUBOPTIMAL
s1616_ir0_lrc151_c01000000100,ILS,135,25,60,SUBOPTIMAL
s1616_ir0_lrc151_c01000000100,ILS,130,27,60,SUBOPTIMAL
s1616_ir0_lrc151_c01000000100,ILS,132,24,60,SUBOPTIMAL
s1616_ir0_lrc151_c01000000100,ILS,139,34,60,SUBOPTIMAL
s1616_ir1_lrc131_c01000001000,ILS,212,29,60,SUBOPTIMAL
s1616_ir1_lrc131_c01000001000,ILS,209,34,60,SUBOPTIMAL
s1616_ir1_lrc131_c01000001000,ILS,207,39,60,SUBOPTIMAL
s1616_ir1_lrc131_c01000001000,ILS,210,37,60,SUBOPTIMAL
s1616_ir1_lrc131_c01000001000,ILS,206,37,60,SUBOPTIMAL
s1616_ir0_lrc151_c01000000010,ILS,132,28,60,SUBOPTIMAL
s1616_ir0_lrc151_c01000000010,ILS,133,21,60,SUBOPTIMAL
s1616_ir0_lrc151_c01000000010,ILS,137,24,60,SUBOPTIMAL
s1616_ir0_lrc151_c01000000010,ILS,133,20,60,SUBOPTIMAL
s1616_ir0_lrc151_c01000000010,ILS,138,32,60,SUBOPTIMAL
s1616_ir1_lrc131_c01000000100,ILS,205,41,60,SUBOPTIMAL
s1616_ir1_lrc131_c01000000100,ILS,207,42,60,SUBOPTIMAL
s1616_ir1_lrc131_c01000000100,ILS,213,35,60,SUBOPTIMAL
s1616_ir1_lrc131_c01000000100,ILS,202,59,60,SUBOPTIMAL
s1616_ir1_lrc131_c01000000100,ILS,208,33,60,SUBOPTIMAL
s1616_ir1_lrc131_c01000000010,ILS,211,33,60,SUBOPTIMAL
s1616_ir1_lrc131_c01000000010,ILS,200,35,60,SUBOPTIMAL
s1616_ir1_lrc131_c01000000010,ILS,206,28,60,SUBOPTIMAL
s1616_ir1_lrc131_c01000000010,ILS,204,35,60,SUBOPTIMAL
s1616_ir1_lrc131_c01000000010,ILS,203,48,60,SUBOPTIMAL
s1616_ir1_lrc185_c01000001000,ILS,113,20,60,SUBOPTIMAL
s1616_ir1_lrc185_c01000001000,ILS,114,23,60,SUBOPTIMAL
s1616_ir1_lrc185_c01000001000,ILS,117,19,60,SUBOPTIMAL
s1616_ir1_lrc185_c01000001000,ILS,117,25,60,SUBOPTIMAL
s1616_ir1_lrc185_c01000001000,ILS,117,21,60,SUBOPTIMAL
s1616_ir1_lrc185_c01000000100,ILS,112,16,60,SUBOPTIMAL
s1616_ir1_lrc185_c01000000100,ILS,112,21,60,SUBOPTIMAL
s1616_ir1_lrc185_c01000000100,ILS,119,23,60,SUBOPTIMAL
s1616_ir1_lrc185_c01000000100,ILS,109,23,60,SUBOPTIMAL
s1616_ir1_lrc185_c01000000100,ILS,119,19,60,SUBOPTIMAL
s1616_ir2_lrc053_c01000001000,ILS,153,27,60,SUBOPTIMAL
s1616_ir2_lrc053_c01000001000,ILS,145,23,60,SUBOPTIMAL
s1616_ir2_lrc053_c01000001000,ILS,147,24,60,SUBOPTIMAL
s1616_ir2_lrc053_c01000001000,ILS,149,25,60,SUBOPTIMAL
s1616_ir2_lrc053_c01000001000,ILS,160,19,60,SUBOPTIMAL
s1616_ir1_lrc185_c01000000010,ILS,113,22,60,SUBOPTIMAL
s1616_ir1_lrc185_c01000000010,ILS,121,19,60,SUBOPTIMAL
s1616_ir1_lrc185_c01000000010,ILS,118,22,60,SUBOPTIMAL
s1616_ir1_lrc185_c01000000010,ILS,115,25,60,SUBOPTIMAL
s1616_ir1_lrc185_c01000000010,ILS,112,22,60,SUBOPTIMAL
s1616_ir2_lrc053_c01000000010,ILS,155,25,60,SUBOPTIMAL
s1616_ir2_lrc053_c01000000010,ILS,149,25,60,SUBOPTIMAL
s1616_ir2_lrc053_c01000000010,ILS,152,29,60,SUBOPTIMAL
s1616_ir2_lrc053_c01000000010,ILS,152,21,60,SUBOPTIMAL
s1616_ir2_lrc053_c01000000010,ILS,147,35,60,SUBOPTIMAL
s1616_ir2_lrc053_c01000000100,ILS,145,28,60,SUBOPTIMAL
s1616_ir2_lrc053_c01000000100,ILS,158,26,60,SUBOPTIMAL
s1616_ir2_lrc053_c01000000100,ILS,150,29,60,SUBOPTIMAL
s1616_ir2_lrc053_c01000000100,ILS,139,24,60,SUBOPTIMAL
s1616_ir2_lrc053_c01000000100,ILS,144,29,60,SUBOPTIMAL
s1616_is1_lrc155_c01000001000,ILS,116,17,60,SUBOPTIMAL
s1616_is1_lrc155_c01000001000,ILS,114,20,60,SUBOPTIMAL
s1616_is1_lrc155_c01000001000,ILS,108,19,60,SUBOPTIMAL
s1616_is1_lrc155_c01000001000,ILS,107,20,60,SUBOPTIMAL
s1616_is1_lrc155_c01000001000,ILS,115,24,60,SUBOPTIMAL
s1616_is1_lrc155_c01000000100,ILS,109,18,60,SUBOPTIMAL
s1616_is1_lrc155_c01000000100,ILS,106,17,60,SUBOPTIMAL
s1616_is1_lrc155_c01000000100,ILS,99,18,60,SUBOPTIMAL
s1616_is1_lrc155_c01000000100,ILS,104,15,60,SUBOPTIMAL
s1616_is1_lrc155_c01000000100,ILS,97,19,60,SUBOPTIMAL
s1616_is2_lrc185_c01000001000,ILS,89,17,60,SUBOPTIMAL
s1616_is2_lrc185_c01000001000,ILS,91,11,60,SUBOPTIMAL
s1616_is2_lrc185_c01000001000,ILS,80,13,60,SUBOPTIMAL
s1616_is2_lrc185_c01000001000,ILS,81,16,60,SUBOPTIMAL
s1616_is2_lrc185_c01000001000,ILS,83,13,60,SUBOPTIMAL
s1616_is1_lrc155_c01000000010,ILS,99,15,60,SUBOPTIMAL
s1616_is1_lrc155_c01000000010,ILS,105,18,60,SUBOPTIMAL
s1616_is1_lrc155_c01000000010,ILS,102,21,60,SUBOPTIMAL
s1616_is1_lrc155_c01000000010,ILS,110,19,60,SUBOPTIMAL
s1616_is1_lrc155_c01000000010,ILS,101,17,60,SUBOPTIMAL
s1616_is2_lrc185_c01000000100,ILS,80,14,60,SUBOPTIMAL
s1616_is2_lrc185_c01000000100,ILS,86,18,60,SUBOPTIMAL
s1616_is2_lrc185_c01000000100,ILS,85,16,60,SUBOPTIMAL
s1616_is2_lrc185_c01000000100,ILS,81,13,60,SUBOPTIMAL
s1616_is2_lrc185_c01000000100,ILS,79,18,60,SUBOPTIMAL
s1616_is2_lrc185_c01000000010,ILS,88,13,60,SUBOPTIMAL
s1616_is2_lrc185_c01000000010,ILS,109,13,60,SUBOPTIMAL
s1616_is2_lrc185_c01000000010,ILS,79,15,60,SUBOPTIMAL
s1616_is2_lrc185_c01000000010,ILS,109,13,60,SUBOPTIMAL
s1616_is2_lrc185_c01000000010,ILS,82,14,60,SUBOPTIMAL
s6464_ir1_lrc181_c01000001000,ILS,8161,982,600,SUBOPTIMAL
s6464_ir1_lrc181_c01000001000,ILS,8178,985,600,SUBOPTIMAL
s6464_ir1_lrc181_c01000001000,ILS,8148,1002,600,SUBOPTIMAL
s6464_ir1_lrc181_c01000001000,ILS,8186,992,601,SUBOPTIMAL
s6464_ir1_lrc181_c01000001000,ILS,8147,961,600,SUBOPTIMAL
s6464_ir1_lrc181_c01000000100,ILS,8225,999,600,SUBOPTIMAL
s6464_ir1_lrc181_c01000000100,ILS,8245,1013,600,SUBOPTIMAL
s6464_ir1_lrc181_c01000000100,ILS,8207,1061,601,SUBOPTIMAL
s6464_ir1_lrc181_c01000000100,ILS,8247,1012,600,SUBOPTIMAL
s6464_ir1_lrc181_c01000000100,ILS,8229,1019,601,SUBOPTIMAL
s128128_is2_lrc055_c01000000100,ILS,7551,516,1201,SUBOPTIMAL
s128128_is2_lrc055_c01000000100,ILS,7550,487,1204,SUBOPTIMAL
s128128_is2_lrc055_c01000000100,ILS,7536,499,1200,SUBOPTIMAL
s128128_is2_lrc055_c01000000100,ILS,7563,480,1202,SUBOPTIMAL
s128128_is2_lrc055_c01000000100,ILS,7516,526,1202,SUBOPTIMAL
s128128_is1_lrc133_c01000001000,ILS,10826,719,1202,SUBOPTIMAL
s128128_is1_lrc133_c01000001000,ILS,10808,724,1203,SUBOPTIMAL
s128128_is1_lrc133_c01000001000,ILS,10867,744,1200,SUBOPTIMAL
s128128_is1_lrc133_c01000001000,ILS,10821,714,1205,SUBOPTIMAL
s128128_is1_lrc133_c01000001000,ILS,10792,717,1204,SUBOPTIMAL
s128128_is2_lrc055_c01000001000,ILS,7352,438,1200,SUBOPTIMAL
s128128_is2_lrc055_c01000001000,ILS,7339,408,1203,SUBOPTIMAL
s128128_is2_lrc055_c01000001000,ILS,7373,418,1202,SUBOPTIMAL
s128128_is2_lrc055_c01000001000,ILS,7366,439,1205,SUBOPTIMAL
s128128_is2_lrc055_c01000001000,ILS,7328,459,1204,SUBOPTIMAL
s128128_is1_lrc133_c01000000010,ILS,10966,738,1205,SUBOPTIMAL
s128128_is1_lrc133_c01000000010,ILS,10934,738,1204,SUBOPTIMAL
s128128_is1_lrc133_c01000000010,ILS,10994,714,1205,SUBOPTIMAL
s128128_is1_lrc133_c01000000010,ILS,10924,736,1203,SUBOPTIMAL
s128128_is1_lrc133_c01000000010,ILS,10918,755,1204,SUBOPTIMAL
s128128_is1_lrc133_c01000000100,ILS,11052,749,1202,SUBOPTIMAL
s128128_is1_lrc133_c01000000100,ILS,10990,760,1204,SUBOPTIMAL
s128128_is1_lrc133_c01000000100,ILS,10980,719,1203,SUBOPTIMAL
s128128_is1_lrc133_c01000000100,ILS,11034,759,1206,SUBOPTIMAL
s128128_is1_lrc133_c01000000100,ILS,11006,747,1208,SUBOPTIMAL
s128128_is2_lrc055_c01000000010,ILS,7500,436,1206,SUBOPTIMAL
s128128_is2_lrc055_c01000000010,ILS,7522,460,1204,SUBOPTIMAL
s128128_is2_lrc055_c01000000010,ILS,7436,437,1205,SUBOPTIMAL
s128128_is2_lrc055_c01000000010,ILS,7566,477,1205,SUBOPTIMAL
s128128_is2_lrc055_c01000000010,ILS,7553,442,1203,SUBOPTIMAL
s6464_ir1_lrc181_c01000000010,ILS,8243,1025,600,SUBOPTIMAL
s6464_ir1_lrc181_c01000000010,ILS,8215,1021,600,SUBOPTIMAL
s6464_ir1_lrc181_c01000000010,ILS,8219,1000,600,SUBOPTIMAL
s6464_ir1_lrc181_c01000000010,ILS,8217,1009,601,SUBOPTIMAL
s6464_ir1_lrc181_c01000000010,ILS,8219,1045,600,SUBOPTIMAL
s6464_is2_lrc133_c01000001000,ILS,2749,219,600,SUBOPTIMAL
s6464_is2_lrc133_c01000001000,ILS,2724,231,600,SUBOPTIMAL
s6464_is2_lrc133_c01000001000,ILS,2722,249,600,SUBOPTIMAL
s6464_is2_lrc133_c01000001000,ILS,2739,244,600,SUBOPTIMAL
s6464_is2_lrc133_c01000001000,ILS,2728,215,600,SUBOPTIMAL
s6464_is2_lrc133_c01000000100,ILS,2756,265,600,SUBOPTIMAL
s6464_is2_lrc133_c01000000100,ILS,2788,257,600,SUBOPTIMAL
s6464_is2_lrc133_c01000000100,ILS,2794,263,600,SUBOPTIMAL
s6464_is2_lrc133_c01000000100,ILS,2801,227,600,SUBOPTIMAL
s6464_is2_lrc133_c01000000100,ILS,2732,264,600,SUBOPTIMAL
s6464_is2_lrc133_c01000000010,ILS,2784,244,600,SUBOPTIMAL
s6464_is2_lrc133_c01000000010,ILS,2783,228,600,SUBOPTIMAL
s6464_is2_lrc133_c01000000010,ILS,2792,245,600,SUBOPTIMAL
s6464_is2_lrc133_c01000000010,ILS,2803,253,600,SUBOPTIMAL
s6464_is2_lrc133_c01000000010,ILS,2777,255,600,SUBOPTIMAL
s1616_is1_lrc155_c01000000101,ILS,100,15,60,SUBOPTIMAL
s1616_is1_lrc155_c01000000101,ILS,102,21,60,SUBOPTIMAL
s1616_is1_lrc155_c01000000101,ILS,103,23,60,SUBOPTIMAL
s1616_is1_lrc155_c01000000101,ILS,101,16,60,SUBOPTIMAL
s1616_is1_lrc155_c01000000101,ILS,106,20,60,SUBOPTIMAL
s1616_ir2_lrc053_c01000000101,ILS,147,30,60,SUBOPTIMAL
s1616_ir2_lrc053_c01000000101,ILS,152,31,60,SUBOPTIMAL
s1616_ir2_lrc053_c01000000101,ILS,149,31,60,SUBOPTIMAL
s1616_ir2_lrc053_c01000000101,ILS,151,31,60,SUBOPTIMAL
s1616_ir2_lrc053_c01000000101,ILS,149,33,60,SUBOPTIMAL
s1616_is2_lrc185_c01000000101,ILS,80,11,60,SUBOPTIMAL
s1616_is2_lrc185_c01000000101,ILS,79,15,60,SUBOPTIMAL
s1616_is2_lrc185_c01000000101,ILS,78,10,60,SUBOPTIMAL
s1616_is2_lrc185_c01000000101,ILS,80,16,60,SUBOPTIMAL
s1616_is2_lrc185_c01000000101,ILS,77,12,60,SUBOPTIMAL
s1616_ir0_lrc151_c01000000101,ILS,134,20,60,SUBOPTIMAL
s1616_ir0_lrc151_c01000000101,ILS,140,25,60,SUBOPTIMAL
s1616_ir0_lrc151_c01000000101,ILS,130,33,60,SUBOPTIMAL
s1616_ir0_lrc151_c01000000101,ILS,138,23,60,SUBOPTIMAL
s1616_ir0_lrc151_c01000000101,ILS,139,28,60,SUBOPTIMAL
s1616_ir1_lrc185_c01000000101,ILS,112,16,60,SUBOPTIMAL
s1616_ir1_lrc185_c01000000101,ILS,116,23,60,SUBOPTIMAL
s1616_ir1_lrc185_c01000000101,ILS,113,18,60,SUBOPTIMAL
s1616_ir1_lrc185_c01000000101,ILS,112,19,60,SUBOPTIMAL
s1616_ir1_lrc185_c01000000101,ILS,114,20,60,SUBOPTIMAL
s1616_ir1_lrc131_c01000000101,ILS,213,37,60,SUBOPTIMAL
s1616_ir1_lrc131_c01000000101,ILS,208,33,60,SUBOPTIMAL
s1616_ir1_lrc131_c01000000101,ILS,207,33,60,SUBOPTIMAL
s1616_ir1_lrc131_c01000000101,ILS,204,32,60,SUBOPTIMAL
s1616_ir1_lrc131_c01000000101,ILS,204,29,60,SUBOPTIMAL
s6464_is2_lrc133_c01000000101,ILS,2763,268,600,SUBOPTIMAL
s6464_is2_lrc133_c01000000101,ILS,2735,266,600,SUBOPTIMAL
s6464_is2_lrc133_c01000000101,ILS,2768,249,600,SUBOPTIMAL
s6464_is2_lrc133_c01000000101,ILS,2739,261,600,SUBOPTIMAL
s6464_is2_lrc133_c01000000101,ILS,2727,258,600,SUBOPTIMAL
s6464_ir1_lrc181_c01000000101,ILS,8263,1025,600,SUBOPTIMAL
s6464_ir1_lrc181_c01000000101,ILS,8256,1041,600,SUBOPTIMAL
s6464_ir1_lrc181_c01000000101,ILS,8269,1013,602,SUBOPTIMAL
s6464_ir1_lrc181_c01000000101,ILS,8257,1043,600,SUBOPTIMAL
s6464_ir1_lrc181_c01000000101,ILS,8249,1004,600,SUBOPTIMAL
s128128_is2_lrc055_c01000000101,ILS,7552,497,1203,SUBOPTIMAL
s128128_is2_lrc055_c01000000101,ILS,7575,489,1205,SUBOPTIMAL
s128128_is2_lrc055_c01000000101,ILS,7501,496,1206,SUBOPTIMAL
s128128_is2_lrc055_c01000000101,ILS,7532,483,1201,SUBOPTIMAL
s128128_is2_lrc055_c01000000101,ILS,7502,517,1204,SUBOPTIMAL
s128128_is1_lrc133_c01000000101,ILS,10980,747,1202,SUBOPTIMAL
s128128_is1_lrc133_c01000000101,ILS,10936,865,1207,SUBOPTIMAL
s128128_is1_lrc133_c01000000101,ILS,11053,754,1204,SUBOPTIMAL
s128128_is1_lrc133_c01000000101,ILS,11020,757,1206,SUBOPTIMAL
s128128_is1_lrc133_c01000000101,ILS,10998,767,1203,SUBOPTIMAL
s128128_is2_lrc055_c01100000101,ILS,7473,505,1200,SUBOPTIMAL
s128128_is2_lrc055_c01100000101,ILS,7513,502,1203,SUBOPTIMAL
s128128_is2_lrc055_c01100000101,ILS,7514,485,1200,SUBOPTIMAL
s128128_is2_lrc055_c01100000101,ILS,7483,444,1204,SUBOPTIMAL
s128128_is2_lrc055_c01100000101,ILS,7465,454,1201,SUBOPTIMAL
s128128_is1_lrc133_c01000010101,ILS,11024,750,1203,SUBOPTIMAL
s128128_is1_lrc133_c01000010101,ILS,11071,744,1201,SUBOPTIMAL
s128128_is1_lrc133_c01000010101,ILS,11014,740,1202,SUBOPTIMAL
s128128_is1_lrc133_c01000010101,ILS,10960,721,1203,SUBOPTIMAL
s128128_is1_lrc133_c01000010101,ILS,11020,762,1202,SUBOPTIMAL
s128128_is1_lrc133_c11000000101,ILS,10992,745,1204,SUBOPTIMAL
s128128_is1_lrc133_c11000000101,ILS,11026,760,1204,SUBOPTIMAL
s128128_is1_lrc133_c11000000101,ILS,10990,759,1205,SUBOPTIMAL
s128128_is1_lrc133_c11000000101,ILS,10980,760,1201,SUBOPTIMAL
s128128_is1_lrc133_c11000000101,ILS,10944,775,1200,SUBOPTIMAL
s128128_is2_lrc055_c11000000101,ILS,7502,509,1200,SUBOPTIMAL
s128128_is2_lrc055_c11000000101,ILS,7507,487,1206,SUBOPTIMAL
s128128_is2_lrc055_c11000000101,ILS,7460,488,1200,SUBOPTIMAL
s128128_is2_lrc055_c11000000101,ILS,7536,473,1203,SUBOPTIMAL
s128128_is2_lrc055_c11000000101,ILS,7541,524,1206,SUBOPTIMAL
s128128_is1_lrc133_c01100000101,ILS,10906,711,1206,SUBOPTIMAL
s128128_is1_lrc133_c01100000101,ILS,10954,775,1200,SUBOPTIMAL
s128128_is1_lrc133_c01100000101,ILS,10962,770,1205,SUBOPTIMAL
s128128_is1_lrc133_c01100000101,ILS,10913,764,1202,SUBOPTIMAL
s128128_is1_lrc133_c01100000101,ILS,10928,744,1204,SUBOPTIMAL
s128128_is1_lrc133_c01001000101,ILS,10639,1067,1214,SUBOPTIMAL
s128128_is1_lrc133_c01001000101,ILS,10655,910,1208,SUBOPTIMAL
s128128_is1_lrc133_c01001000101,ILS,10668,1007,1200,SUBOPTIMAL
s128128_is1_lrc133_c01001000101,ILS,10659,888,1206,SUBOPTIMAL
s128128_is1_lrc133_c01001000101,ILS,10625,1022,1205,SUBOPTIMAL
s128128_is1_lrc133_c01010000101,ILS,10975,768,1200,SUBOPTIMAL
s128128_is1_lrc133_c01010000101,ILS,10918,742,1243,SUBOPTIMAL
s128128_is1_lrc133_c01010000101,ILS,10957,731,1203,SUBOPTIMAL
s128128_is1_lrc133_c01010000101,ILS,10978,762,1215,SUBOPTIMAL
s128128_is1_lrc133_c01010000101,ILS,10992,748,1205,SUBOPTIMAL
s128128_is1_lrc133_c01000100101,ILS,10952,759,1207,SUBOPTIMAL
s128128_is1_lrc133_c01000100101,ILS,11055,816,1324,SUBOPTIMAL
s128128_is1_lrc133_c01000100101,ILS,11061,774,1245,SUBOPTIMAL
s128128_is1_lrc133_c01000100101,ILS,11051,777,1207,SUBOPTIMAL
s128128_is1_lrc133_c01000100101,ILS,10964,751,1206,SUBOPTIMAL
s1616_ir0_lrc151_c11000000101,ILS,135,24,60,SUBOPTIMAL
s1616_ir0_lrc151_c11000000101,ILS,137,24,60,SUBOPTIMAL
s1616_ir0_lrc151_c11000000101,ILS,137,29,60,SUBOPTIMAL
s1616_ir0_lrc151_c11000000101,ILS,137,27,60,SUBOPTIMAL
s1616_ir0_lrc151_c11000000101,ILS,136,25,60,SUBOPTIMAL
s1616_ir0_lrc151_c01100000101,ILS,133,27,60,SUBOPTIMAL
s1616_ir0_lrc151_c01100000101,ILS,139,29,60,SUBOPTIMAL
s1616_ir0_lrc151_c01100000101,ILS,140,27,60,SUBOPTIMAL
s1616_ir0_lrc151_c01100000101,ILS,133,22,60,SUBOPTIMAL
s1616_ir0_lrc151_c01100000101,ILS,134,30,60,SUBOPTIMAL
s1616_ir0_lrc151_c01010000101,ILS,140,31,60,SUBOPTIMAL
s1616_ir0_lrc151_c01010000101,ILS,136,24,60,SUBOPTIMAL
s1616_ir0_lrc151_c01010000101,ILS,144,24,60,SUBOPTIMAL
s1616_ir0_lrc151_c01010000101,ILS,137,28,60,SUBOPTIMAL
s1616_ir0_lrc151_c01010000101,ILS,140,27,60,SUBOPTIMAL
s1616_ir0_lrc151_c01001000101,ILS,132,30,60,SUBOPTIMAL
s1616_ir0_lrc151_c01001000101,ILS,133,26,60,SUBOPTIMAL
s1616_ir0_lrc151_c01001000101,ILS,132,27,60,SUBOPTIMAL
s1616_ir0_lrc151_c01001000101,ILS,133,29,60,SUBOPTIMAL
s1616_ir0_lrc151_c01001000101,ILS,136,30,60,SUBOPTIMAL
s1616_ir0_lrc151_c01000100101,ILS,138,22,60,SUBOPTIMAL
s1616_ir0_lrc151_c01000100101,ILS,138,23,60,SUBOPTIMAL
s1616_ir0_lrc151_c01000100101,ILS,141,26,60,SUBOPTIMAL
s1616_ir0_lrc151_c01000100101,ILS,140,29,60,SUBOPTIMAL
s1616_ir0_lrc151_c01000100101,ILS,138,27,60,SUBOPTIMAL
s1616_ir0_lrc151_c01000010101,ILS,136,25,60,SUBOPTIMAL
s1616_ir0_lrc151_c01000010101,ILS,133,26,60,SUBOPTIMAL
s1616_ir0_lrc151_c01000010101,ILS,140,23,60,SUBOPTIMAL
s1616_ir0_lrc151_c01000010101,ILS,136,22,60,SUBOPTIMAL
s1616_ir0_lrc151_c01000010101,ILS,138,23,60,SUBOPTIMAL
s1616_ir1_lrc131_c11000000101,ILS,208,40,60,SUBOPTIMAL
s1616_ir1_lrc131_c11000000101,ILS,209,34,60,SUBOPTIMAL
s1616_ir1_lrc131_c11000000101,ILS,207,36,60,SUBOPTIMAL
s1616_ir1_lrc131_c11000000101,ILS,207,33,60,SUBOPTIMAL
s1616_ir1_lrc131_c11000000101,ILS,207,36,60,SUBOPTIMAL
s1616_ir1_lrc131_c01100000101,ILS,211,33,60,SUBOPTIMAL
s1616_ir1_lrc131_c01100000101,ILS,209,49,60,SUBOPTIMAL
s1616_ir1_lrc131_c01100000101,ILS,207,38,60,SUBOPTIMAL
s1616_ir1_lrc131_c01100000101,ILS,209,41,60,SUBOPTIMAL
s1616_ir1_lrc131_c01100000101,ILS,208,48,60,SUBOPTIMAL
s1616_ir1_lrc131_c01010000101,ILS,208,30,60,SUBOPTIMAL
s1616_ir1_lrc131_c01010000101,ILS,208,33,60,SUBOPTIMAL
s1616_ir1_lrc131_c01010000101,ILS,212,37,60,SUBOPTIMAL
s1616_ir1_lrc131_c01010000101,ILS,211,34,60,SUBOPTIMAL
s1616_ir1_lrc131_c01010000101,ILS,207,43,60,SUBOPTIMAL
s1616_ir1_lrc131_c01001000101,ILS,197,36,60,SUBOPTIMAL
s1616_ir1_lrc131_c01001000101,ILS,204,35,60,SUBOPTIMAL
s1616_ir1_lrc131_c01001000101,ILS,202,39,60,SUBOPTIMAL
s1616_ir1_lrc131_c01001000101,ILS,201,48,60,SUBOPTIMAL
s1616_ir1_lrc131_c01001000101,ILS,200,54,60,SUBOPTIMAL
s1616_ir1_lrc131_c01000100101,ILS,211,29,60,SUBOPTIMAL
s1616_ir1_lrc131_c01000100101,ILS,215,34,60,SUBOPTIMAL
s1616_ir1_lrc131_c01000100101,ILS,210,31,60,SUBOPTIMAL
s1616_ir1_lrc131_c01000100101,ILS,214,34,60,SUBOPTIMAL
s1616_ir1_lrc131_c01000100101,ILS,215,35,60,SUBOPTIMAL
s1616_ir1_lrc131_c01000010101,ILS,203,37,60,SUBOPTIMAL
s1616_ir1_lrc131_c01000010101,ILS,208,35,60,SUBOPTIMAL
s1616_ir1_lrc131_c01000010101,ILS,213,31,60,SUBOPTIMAL
s1616_ir1_lrc131_c01000010101,ILS,207,32,60,SUBOPTIMAL
s1616_ir1_lrc131_c01000010101,ILS,202,33,60,SUBOPTIMAL
s1616_ir1_lrc185_c11000000101,ILS,112,20,60,SUBOPTIMAL
s1616_ir1_lrc185_c11000000101,ILS,113,16,60,SUBOPTIMAL
s1616_ir1_lrc185_c11000000101,ILS,110,15,60,SUBOPTIMAL
s1616_ir1_lrc185_c11000000101,ILS,109,20,60,SUBOPTIMAL
s1616_ir1_lrc185_c11000000101,ILS,114,22,60,SUBOPTIMAL
s1616_ir1_lrc185_c01100000101,ILS,109,18,60,SUBOPTIMAL
s1616_ir1_lrc185_c01100000101,ILS,116,21,60,SUBOPTIMAL
s1616_ir1_lrc185_c01100000101,ILS,112,16,60,SUBOPTIMAL
s1616_ir1_lrc185_c01100000101,ILS,111,20,60,SUBOPTIMAL
s1616_ir1_lrc185_c01100000101,ILS,115,18,60,SUBOPTIMAL
s1616_ir1_lrc185_c01010000101,ILS,120,17,60,SUBOPTIMAL
s1616_ir1_lrc185_c01010000101,ILS,115,23,60,SUBOPTIMAL
s1616_ir1_lrc185_c01010000101,ILS,117,24,60,SUBOPTIMAL
s1616_ir1_lrc185_c01010000101,ILS,117,14,60,SUBOPTIMAL
s1616_ir1_lrc185_c01010000101,ILS,117,26,60,SUBOPTIMAL
s1616_ir1_lrc185_c01001000101,ILS,111,26,60,SUBOPTIMAL
s1616_ir1_lrc185_c01001000101,ILS,107,21,60,SUBOPTIMAL
s1616_ir1_lrc185_c01001000101,ILS,110,30,60,SUBOPTIMAL
s1616_ir1_lrc185_c01001000101,ILS,109,25,60,SUBOPTIMAL
s1616_ir1_lrc185_c01001000101,ILS,110,26,60,SUBOPTIMAL
s1616_ir1_lrc185_c01000100101,ILS,118,21,60,SUBOPTIMAL
s1616_ir1_lrc185_c01000100101,ILS,115,29,60,SUBOPTIMAL
s1616_ir1_lrc185_c01000100101,ILS,117,25,60,SUBOPTIMAL
s1616_ir1_lrc185_c01000100101,ILS,119,19,60,SUBOPTIMAL
s1616_ir1_lrc185_c01000100101,ILS,118,25,60,SUBOPTIMAL
s1616_ir1_lrc185_c01000010101,ILS,118,20,60,SUBOPTIMAL
s1616_ir1_lrc185_c01000010101,ILS,115,27,60,SUBOPTIMAL
s1616_ir1_lrc185_c01000010101,ILS,116,19,60,SUBOPTIMAL
s1616_ir1_lrc185_c01000010101,ILS,119,22,60,SUBOPTIMAL
s1616_ir1_lrc185_c01000010101,ILS,113,18,60,SUBOPTIMAL
s1616_ir2_lrc053_c11000000101,ILS,148,33,60,SUBOPTIMAL
s1616_ir2_lrc053_c11000000101,ILS,151,24,60,SUBOPTIMAL
s1616_ir2_lrc053_c11000000101,ILS,147,33,60,SUBOPTIMAL
s1616_ir2_lrc053_c11000000101,ILS,147,33,60,SUBOPTIMAL
s1616_ir2_lrc053_c11000000101,ILS,150,25,60,SUBOPTIMAL
s1616_ir2_lrc053_c01100000101,ILS,146,36,60,SUBOPTIMAL
s1616_ir2_lrc053_c01100000101,ILS,151,31,60,SUBOPTIMAL
s1616_ir2_lrc053_c01100000101,ILS,150,31,60,SUBOPTIMAL
s1616_ir2_lrc053_c01100000101,ILS,152,31,60,SUBOPTIMAL
s1616_ir2_lrc053_c01100000101,ILS,147,23,60,SUBOPTIMAL
s1616_ir2_lrc053_c01010000101,ILS,159,34,60,SUBOPTIMAL
s1616_ir2_lrc053_c01010000101,ILS,151,31,60,SUBOPTIMAL
s1616_ir2_lrc053_c01010000101,ILS,156,31,60,SUBOPTIMAL
s1616_ir2_lrc053_c01010000101,ILS,156,34,60,SUBOPTIMAL
s1616_ir2_lrc053_c01010000101,ILS,152,33,60,SUBOPTIMAL
s1616_ir2_lrc053_c01001000101,ILS,147,35,60,SUBOPTIMAL
s1616_ir2_lrc053_c01001000101,ILS,148,29,60,SUBOPTIMAL
s1616_ir2_lrc053_c01001000101,ILS,147,27,60,SUBOPTIMAL
s1616_ir2_lrc053_c01001000101,ILS,144,29,60,SUBOPTIMAL
s1616_ir2_lrc053_c01001000101,ILS,142,34,60,SUBOPTIMAL
s1616_ir2_lrc053_c01000100101,ILS,161,25,60,SUBOPTIMAL
s1616_ir2_lrc053_c01000100101,ILS,152,33,60,SUBOPTIMAL
s1616_ir2_lrc053_c01000100101,ILS,155,34,60,SUBOPTIMAL
s1616_ir2_lrc053_c01000100101,ILS,158,23,60,SUBOPTIMAL
s1616_ir2_lrc053_c01000100101,ILS,159,23,60,SUBOPTIMAL
s1616_ir2_lrc053_c01000010101,ILS,149,33,60,SUBOPTIMAL
s1616_ir2_lrc053_c01000010101,ILS,149,31,60,SUBOPTIMAL
s1616_ir2_lrc053_c01000010101,ILS,151,35,60,SUBOPTIMAL
s1616_ir2_lrc053_c01000010101,ILS,153,31,60,SUBOPTIMAL
s1616_ir2_lrc053_c01000010101,ILS,151,25,60,SUBOPTIMAL
s1616_is1_lrc155_c11000000101,ILS,106,19,60,SUBOPTIMAL
s1616_is1_lrc155_c11000000101,ILS,102,24,60,SUBOPTIMAL
s1616_is1_lrc155_c11000000101,ILS,104,24,60,SUBOPTIMAL
s1616_is1_lrc155_c11000000101,ILS,103,23,60,SUBOPTIMAL
s1616_is1_lrc155_c11000000101,ILS,102,19,60,SUBOPTIMAL
s1616_is1_lrc155_c01100000101,ILS,103,15,60,SUBOPTIMAL
s1616_is1_lrc155_c01100000101,ILS,99,15,60,SUBOPTIMAL
s1616_is1_lrc155_c01100000101,ILS,108,19,60,SUBOPTIMAL
s1616_is1_lrc155_c01100000101,ILS,104,18,60,SUBOPTIMAL
s1616_is1_lrc155_c01100000101,ILS,99,20,60,SUBOPTIMAL
s1616_is1_lrc155_c01010000101,ILS,109,22,60,SUBOPTIMAL
s1616_is1_lrc155_c01010000101,ILS,108,22,60,SUBOPTIMAL
s1616_is1_lrc155_c01010000101,ILS,108,24,60,SUBOPTIMAL
s1616_is1_lrc155_c01010000101,ILS,105,21,60,SUBOPTIMAL
s1616_is1_lrc155_c01010000101,ILS,110,19,60,SUBOPTIMAL
s1616_is1_lrc155_c01001000101,ILS,98,17,60,SUBOPTIMAL
s1616_is1_lrc155_c01001000101,ILS,103,15,60,SUBOPTIMAL
s1616_is1_lrc155_c01001000101,ILS,100,20,60,SUBOPTIMAL
s1616_is1_lrc155_c01001000101,ILS,101,19,60,SUBOPTIMAL
s1616_is1_lrc155_c01001000101,ILS,101,21,60,SUBOPTIMAL
s1616_is1_lrc155_c01000100101,ILS,107,17,60,SUBOPTIMAL
s1616_is1_lrc155_c01000100101,ILS,106,17,60,SUBOPTIMAL
s1616_is1_lrc155_c01000100101,ILS,108,17,60,SUBOPTIMAL
s1616_is1_lrc155_c01000100101,ILS,108,20,60,SUBOPTIMAL
s1616_is1_lrc155_c01000100101,ILS,105,15,60,SUBOPTIMAL
s1616_is1_lrc155_c01000010101,ILS,109,18,60,SUBOPTIMAL
s1616_is1_lrc155_c01000010101,ILS,104,15,60,SUBOPTIMAL
s1616_is1_lrc155_c01000010101,ILS,102,23,60,SUBOPTIMAL
s1616_is1_lrc155_c01000010101,ILS,102,19,60,SUBOPTIMAL
s1616_is1_lrc155_c01000010101,ILS,102,25,60,SUBOPTIMAL
s1616_is2_lrc185_c11000000101,ILS,78,14,60,SUBOPTIMAL
s1616_is2_lrc185_c11000000101,ILS,78,17,60,SUBOPTIMAL
s1616_is2_lrc185_c11000000101,ILS,80,13,60,SUBOPTIMAL
s1616_is2_lrc185_c11000000101,ILS,82,12,60,SUBOPTIMAL
s1616_is2_lrc185_c11000000101,ILS,77,12,60,SUBOPTIMAL
s1616_is2_lrc185_c01100000101,ILS,78,14,60,SUBOPTIMAL
s1616_is2_lrc185_c01100000101,ILS,80,14,60,SUBOPTIMAL
s1616_is2_lrc185_c01100000101,ILS,83,12,60,SUBOPTIMAL
s1616_is2_lrc185_c01100000101,ILS,80,12,60,SUBOPTIMAL
s1616_is2_lrc185_c01100000101,ILS,79,16,60,SUBOPTIMAL
s1616_is2_lrc185_c01010000101,ILS,79,16,60,SUBOPTIMAL
s1616_is2_lrc185_c01010000101,ILS,82,10,60,SUBOPTIMAL
s1616_is2_lrc185_c01010000101,ILS,84,14,60,SUBOPTIMAL
s1616_is2_lrc185_c01010000101,ILS,83,10,60,SUBOPTIMAL
s1616_is2_lrc185_c01010000101,ILS,82,12,60,SUBOPTIMAL
s1616_is2_lrc185_c01001000101,ILS,78,17,60,SUBOPTIMAL
s1616_is2_lrc185_c01001000101,ILS,77,16,60,SUBOPTIMAL
s1616_is2_lrc185_c01001000101,ILS,80,21,60,SUBOPTIMAL
s1616_is2_lrc185_c01001000101,ILS,79,12,60,SUBOPTIMAL
s1616_is2_lrc185_c01001000101,ILS,81,16,60,SUBOPTIMAL
s1616_is2_lrc185_c01000100101,ILS,86,14,60,SUBOPTIMAL
s1616_is2_lrc185_c01000100101,ILS,83,15,60,SUBOPTIMAL
s1616_is2_lrc185_c01000100101,ILS,84,15,60,SUBOPTIMAL
s1616_is2_lrc185_c01000100101,ILS,77,12,60,SUBOPTIMAL
s1616_is2_lrc185_c01000100101,ILS,86,14,60,SUBOPTIMAL
s1616_is2_lrc185_c01000010101,ILS,83,13,60,SUBOPTIMAL
s1616_is2_lrc185_c01000010101,ILS,78,18,60,SUBOPTIMAL
s1616_is2_lrc185_c01000010101,ILS,80,19,60,SUBOPTIMAL
s1616_is2_lrc185_c01000010101,ILS,81,17,60,SUBOPTIMAL
s1616_is2_lrc185_c01000010101,ILS,82,12,60,SUBOPTIMAL
s6464_ir1_lrc181_c11000000101,ILS,8246,1100,600,SUBOPTIMAL
s6464_ir1_lrc181_c11000000101,ILS,8269,1012,601,SUBOPTIMAL
s6464_ir1_lrc181_c11000000101,ILS,8255,1006,600,SUBOPTIMAL
s6464_ir1_lrc181_c11000000101,ILS,8261,1004,600,SUBOPTIMAL
s6464_ir1_lrc181_c11000000101,ILS,8278,1022,601,SUBOPTIMAL
s6464_ir1_lrc181_c01100000101,ILS,8243,1007,601,SUBOPTIMAL
s6464_ir1_lrc181_c01100000101,ILS,8244,1020,600,SUBOPTIMAL
s6464_ir1_lrc181_c01100000101,ILS,8272,1044,601,SUBOPTIMAL
s6464_ir1_lrc181_c01100000101,ILS,8238,1010,601,SUBOPTIMAL
s6464_ir1_lrc181_c01100000101,ILS,8245,1032,602,SUBOPTIMAL
s6464_ir1_lrc181_c01010000101,ILS,8254,1011,609,SUBOPTIMAL
s6464_ir1_lrc181_c01010000101,ILS,8254,1018,608,SUBOPTIMAL
s6464_ir1_lrc181_c01010000101,ILS,8250,1062,609,SUBOPTIMAL
s6464_ir1_lrc181_c01010000101,ILS,8245,1037,612,SUBOPTIMAL
s6464_ir1_lrc181_c01010000101,ILS,8277,1041,622,SUBOPTIMAL
s6464_ir1_lrc181_c01001000101,ILS,7933,1428,615,SUBOPTIMAL
s6464_ir1_lrc181_c01001000101,ILS,7962,1458,605,SUBOPTIMAL
s6464_ir1_lrc181_c01001000101,ILS,7905,1512,600,SUBOPTIMAL
s6464_ir1_lrc181_c01001000101,ILS,7899,1418,601,SUBOPTIMAL
s6464_ir1_lrc181_c01001000101,ILS,7900,1388,615,SUBOPTIMAL
s128128_is2_lrc055_c01010000101,ILS,7528,479,1201,SUBOPTIMAL
s128128_is2_lrc055_c01010000101,ILS,7535,490,1201,SUBOPTIMAL
s128128_is2_lrc055_c01010000101,ILS,7522,469,1205,SUBOPTIMAL
s128128_is2_lrc055_c01010000101,ILS,7479,473,1207,SUBOPTIMAL
s128128_is2_lrc055_c01010000101,ILS,7522,479,1204,SUBOPTIMAL
s128128_is2_lrc055_c01000010101,ILS,7496,471,1202,SUBOPTIMAL
s128128_is2_lrc055_c01000010101,ILS,7536,465,1203,SUBOPTIMAL
s128128_is2_lrc055_c01000010101,ILS,7514,481,1202,SUBOPTIMAL
s128128_is2_lrc055_c01000010101,ILS,7485,484,1203,SUBOPTIMAL
s128128_is2_lrc055_c01000010101,ILS,7557,530,1202,SUBOPTIMAL
s128128_is2_lrc055_c01001000101,ILS,7338,617,1212,SUBOPTIMAL
s128128_is2_lrc055_c01001000101,ILS,7362,649,1210,SUBOPTIMAL
s128128_is2_lrc055_c01001000101,ILS,7362,627,1209,SUBOPTIMAL
s128128_is2_lrc055_c01001000101,ILS,7341,677,1205,SUBOPTIMAL
s128128_is2_lrc055_c01001000101,ILS,7378,620,1205,SUBOPTIMAL
s128128_is2_lrc055_c01000100101,ILS,7548,501,1432,SUBOPTIMAL
s128128_is2_lrc055_c01000100101,ILS,7557,518,1447,SUBOPTIMAL
s128128_is2_lrc055_c01000100101,ILS,7558,487,1447,SUBOPTIMAL
s128128_is2_lrc055_c01000100101,ILS,7506,473,1504,SUBOPTIMAL
s128128_is2_lrc055_c01000100101,ILS,7568,480,1507,SUBOPTIMAL
s6464_ir1_lrc181_c01000010101,ILS,8231,988,601,SUBOPTIMAL
s6464_ir1_lrc181_c01000010101,ILS,8228,1021,602,SUBOPTIMAL
s6464_ir1_lrc181_c01000010101,ILS,8270,1038,601,SUBOPTIMAL
s6464_ir1_lrc181_c01000010101,ILS,8240,1017,602,SUBOPTIMAL
s6464_ir1_lrc181_c01000010101,ILS,8231,985,601,SUBOPTIMAL
s6464_is2_lrc133_c11000000101,ILS,2741,236,600,SUBOPTIMAL
s6464_is2_lrc133_c11000000101,ILS,2763,258,600,SUBOPTIMAL
s6464_is2_lrc133_c11000000101,ILS,2749,230,600,SUBOPTIMAL
s6464_is2_lrc133_c11000000101,ILS,2730,233,600,SUBOPTIMAL
s6464_is2_lrc133_c11000000101,ILS,2759,238,600,SUBOPTIMAL
s6464_is2_lrc133_c01100000101,ILS,2723,280,600,SUBOPTIMAL
s6464_is2_lrc133_c01100000101,ILS,2738,248,600,SUBOPTIMAL
s6464_is2_lrc133_c01100000101,ILS,2729,240,600,SUBOPTIMAL
s6464_is2_lrc133_c01100000101,ILS,2725,268,600,SUBOPTIMAL
s6464_is2_lrc133_c01100000101,ILS,2737,251,600,SUBOPTIMAL
s6464_is2_lrc133_c01001000101,ILS,2674,389,600,SUBOPTIMAL
s6464_is2_lrc133_c01001000101,ILS,2651,359,601,SUBOPTIMAL
s6464_is2_lrc133_c01001000101,ILS,2680,273,601,SUBOPTIMAL
s6464_is2_lrc133_c01001000101,ILS,2634,377,601,SUBOPTIMAL
s6464_is2_lrc133_c01001000101,ILS,2644,400,600,SUBOPTIMAL
s6464_is2_lrc133_c01010000101,ILS,2772,254,600,SUBOPTIMAL
s6464_is2_lrc133_c01010000101,ILS,2734,256,603,SUBOPTIMAL
s6464_is2_lrc133_c01010000101,ILS,2762,240,601,SUBOPTIMAL
s6464_is2_lrc133_c01010000101,ILS,2745,248,604,SUBOPTIMAL
s6464_is2_lrc133_c01010000101,ILS,2780,289,603,SUBOPTIMAL
s6464_is2_lrc133_c01000100101,ILS,2818,249,627,SUBOPTIMAL
s6464_is2_lrc133_c01000100101,ILS,2814,259,612,SUBOPTIMAL
s6464_is2_lrc133_c01000100101,ILS,2835,253,625,SUBOPTIMAL
s6464_is2_lrc133_c01000100101,ILS,2822,251,625,SUBOPTIMAL
s6464_is2_lrc133_c01000100101,ILS,2831,269,631,SUBOPTIMAL
s6464_ir1_lrc181_c01000100101,ILS,8240,1002,721,SUBOPTIMAL
s6464_ir1_lrc181_c01000100101,ILS,8267,1033,722,SUBOPTIMAL
s6464_ir1_lrc181_c01000100101,ILS,8249,1042,714,SUBOPTIMAL
s6464_ir1_lrc181_c01000100101,ILS,8281,1027,701,SUBOPTIMAL
s6464_ir1_lrc181_c01000100101,ILS,8238,1045,712,SUBOPTIMAL
s6464_is2_lrc133_c01000010101,ILS,2781,231,601,SUBOPTIMAL
s6464_is2_lrc133_c01000010101,ILS,2810,301,601,SUBOPTIMAL
s6464_is2_lrc133_c01000010101,ILS,2744,251,601,SUBOPTIMAL
s6464_is2_lrc133_c01000010101,ILS,2752,241,601,SUBOPTIMAL
s6464_is2_lrc133_c01000010101,ILS,2783,229,601,SUBOPTIMAL
s1616_ir0_lrc151_c01001000001,ILS,141,24,60,SUBOPTIMAL
s1616_ir0_lrc151_c01001000001,ILS,139,26,60,SUBOPTIMAL
s1616_ir0_lrc151_c01001000001,ILS,139,29,60,SUBOPTIMAL
s1616_ir0_lrc151_c01001000001,ILS,138,24,60,SUBOPTIMAL
s1616_ir0_lrc151_c01001000001,ILS,141,26,60,SUBOPTIMAL
s1616_ir0_lrc151_c01001001101,ILS,127,34,60,SUBOPTIMAL
s1616_ir0_lrc151_c01001001101,ILS,132,25,60,SUBOPTIMAL
s1616_ir0_lrc151_c01001001101,ILS,130,25,60,SUBOPTIMAL
s1616_ir0_lrc151_c01001001101,ILS,132,25,60,SUBOPTIMAL
s1616_ir0_lrc151_c01001001101,ILS,130,29,60,SUBOPTIMAL
s1616_ir0_lrc151_c01001000111,ILS,128,27,60,SUBOPTIMAL
s1616_ir0_lrc151_c01001000111,ILS,133,35,60,SUBOPTIMAL
s1616_ir0_lrc151_c01001000111,ILS,131,35,60,SUBOPTIMAL
s1616_ir0_lrc151_c01001000111,ILS,134,30,60,SUBOPTIMAL
s1616_ir0_lrc151_c01001000111,ILS,131,21,60,SUBOPTIMAL
s1616_ir1_lrc131_c01001001101,ILS,197,49,60,SUBOPTIMAL
s1616_ir1_lrc131_c01001001101,ILS,202,46,60,SUBOPTIMAL
s1616_ir1_lrc131_c01001001101,ILS,196,35,60,SUBOPTIMAL
s1616_ir1_lrc131_c01001001101,ILS,203,41,60,SUBOPTIMAL
s1616_ir1_lrc131_c01001001101,ILS,196,41,60,SUBOPTIMAL
s1616_ir1_lrc131_c01001000111,ILS,196,36,60,SUBOPTIMAL
s1616_ir1_lrc131_c01001000111,ILS,203,45,60,SUBOPTIMAL
s1616_ir1_lrc131_c01001000111,ILS,204,29,60,SUBOPTIMAL
s1616_ir1_lrc131_c01001000111,ILS,198,41,60,SUBOPTIMAL
s1616_ir1_lrc131_c01001000111,ILS,202,49,60,SUBOPTIMAL
s1616_ir1_lrc131_c01001000001,ILS,200,38,60,SUBOPTIMAL
s1616_ir1_lrc131_c01001000001,ILS,203,34,60,SUBOPTIMAL
s1616_ir1_lrc131_c01001000001,ILS,206,39,60,SUBOPTIMAL
s1616_ir1_lrc131_c01001000001,ILS,204,37,60,SUBOPTIMAL
s1616_ir1_lrc131_c01001000001,ILS,201,32,60,SUBOPTIMAL
s1616_ir1_lrc185_c01001001101,ILS,113,23,60,SUBOPTIMAL
s1616_ir1_lrc185_c01001001101,ILS,112,17,60,SUBOPTIMAL
s1616_ir1_lrc185_c01001001101,ILS,113,26,60,SUBOPTIMAL
s1616_ir1_lrc185_c01001001101,ILS,113,21,60,SUBOPTIMAL
s1616_ir1_lrc185_c01001001101,ILS,110,22,60,SUBOPTIMAL
s1616_ir1_lrc185_c01001000001,ILS,118,24,60,SUBOPTIMAL
s1616_ir1_lrc185_c01001000001,ILS,118,26,60,SUBOPTIMAL
s1616_ir1_lrc185_c01001000001,ILS,118,23,60,SUBOPTIMAL
s1616_ir1_lrc185_c01001000001,ILS,118,26,60,SUBOPTIMAL
s1616_ir1_lrc185_c01001000001,ILS,114,27,60,SUBOPTIMAL
s1616_ir1_lrc185_c01001000111,ILS,115,23,60,SUBOPTIMAL
s1616_ir1_lrc185_c01001000111,ILS,111,20,60,SUBOPTIMAL
s1616_ir1_lrc185_c01001000111,ILS,108,22,60,SUBOPTIMAL
s1616_ir1_lrc185_c01001000111,ILS,113,32,60,SUBOPTIMAL
s1616_ir1_lrc185_c01001000111,ILS,112,24,60,SUBOPTIMAL
s1616_ir2_lrc053_c01001001101,ILS,144,34,60,SUBOPTIMAL
s1616_ir2_lrc053_c01001001101,ILS,145,35,60,SUBOPTIMAL
s1616_ir2_lrc053_c01001001101,ILS,148,27,60,SUBOPTIMAL
s1616_ir2_lrc053_c01001001101,ILS,143,30,60,SUBOPTIMAL
s1616_ir2_lrc053_c01001001101,ILS,148,30,60,SUBOPTIMAL
s1616_ir2_lrc053_c01001000001,ILS,152,25,60,SUBOPTIMAL
s1616_ir2_lrc053_c01001000001,ILS,151,27,60,SUBOPTIMAL
s1616_ir2_lrc053_c01001000001,ILS,148,27,60,SUBOPTIMAL
s1616_ir2_lrc053_c01001000001,ILS,148,33,60,SUBOPTIMAL
s1616_ir2_lrc053_c01001000001,ILS,151,33,60,SUBOPTIMAL
s1616_ir2_lrc053_c01001000111,ILS,143,25,60,SUBOPTIMAL
s1616_ir2_lrc053_c01001000111,ILS,145,23,60,SUBOPTIMAL
s1616_ir2_lrc053_c01001000111,ILS,145,33,60,SUBOPTIMAL
s1616_ir2_lrc053_c01001000111,ILS,148,33,60,SUBOPTIMAL
s1616_ir2_lrc053_c01001000111,ILS,145,30,60,SUBOPTIMAL
s1616_is1_lrc155_c01001000001,ILS,105,16,60,SUBOPTIMAL
s1616_is1_lrc155_c01001000001,ILS,109,14,60,SUBOPTIMAL
s1616_is1_lrc155_c01001000001,ILS,108,16,60,SUBOPTIMAL
s1616_is1_lrc155_c01001000001,ILS,101,21,60,SUBOPTIMAL
s1616_is1_lrc155_c01001000001,ILS,105,16,60,SUBOPTIMAL
s1616_is1_lrc155_c01001001101,ILS,98,17,60,SUBOPTIMAL
s1616_is1_lrc155_c01001001101,ILS,100,24,60,SUBOPTIMAL
s1616_is1_lrc155_c01001001101,ILS,101,25,60,SUBOPTIMAL
s1616_is1_lrc155_c01001001101,ILS,102,21,60,SUBOPTIMAL
s1616_is1_lrc155_c01001001101,ILS,101,19,60,SUBOPTIMAL
s1616_is1_lrc155_c01001000111,ILS,99,19,60,SUBOPTIMAL
s1616_is1_lrc155_c01001000111,ILS,99,18,60,SUBOPTIMAL
s1616_is1_lrc155_c01001000111,ILS,97,21,60,SUBOPTIMAL
s1616_is1_lrc155_c01001000111,ILS,97,23,60,SUBOPTIMAL
s1616_is1_lrc155_c01001000111,ILS,102,15,60,SUBOPTIMAL
s1616_is2_lrc185_c01001001101,ILS,80,13,60,SUBOPTIMAL
s1616_is2_lrc185_c01001001101,ILS,78,12,60,SUBOPTIMAL
s1616_is2_lrc185_c01001001101,ILS,78,20,60,SUBOPTIMAL
s1616_is2_lrc185_c01001001101,ILS,80,11,60,SUBOPTIMAL
s1616_is2_lrc185_c01001001101,ILS,80,14,60,SUBOPTIMAL
s1616_is2_lrc185_c01001000001,ILS,87,14,60,SUBOPTIMAL
s1616_is2_lrc185_c01001000001,ILS,82,14,60,SUBOPTIMAL
s1616_is2_lrc185_c01001000001,ILS,87,15,60,SUBOPTIMAL
s1616_is2_lrc185_c01001000001,ILS,88,14,60,SUBOPTIMAL
s1616_is2_lrc185_c01001000001,ILS,86,17,60,SUBOPTIMAL
s1616_is2_lrc185_c01001000111,ILS,79,16,60,SUBOPTIMAL
s1616_is2_lrc185_c01001000111,ILS,77,14,60,SUBOPTIMAL
s1616_is2_lrc185_c01001000111,ILS,79,12,60,SUBOPTIMAL
s1616_is2_lrc185_c01001000111,ILS,79,13,60,SUBOPTIMAL
s1616_is2_lrc185_c01001000111,ILS,77,12,60,SUBOPTIMAL
s128128_is1_lrc133_c01001001101,ILS,10540,1000,1205,SUBOPTIMAL
s128128_is1_lrc133_c01001001101,ILS,10592,926,1206,SUBOPTIMAL
s128128_is1_lrc133_c01001001101,ILS,10673,992,1202,SUBOPTIMAL
s128128_is1_lrc133_c01001001101,ILS,11042,795,1485,SUBOPTIMAL
s128128_is1_lrc133_c01001001101,ILS,10569,908,1200,SUBOPTIMAL
s128128_is2_lrc055_c01001000001,ILS,7339,582,1204,SUBOPTIMAL
s128128_is2_lrc055_c01001000001,ILS,7377,548,1201,SUBOPTIMAL
s128128_is2_lrc055_c01001000001,ILS,7388,578,1203,SUBOPTIMAL
s128128_is2_lrc055_c01001000001,ILS,7691,576,1491,SUBOPTIMAL
s128128_is2_lrc055_c01001000001,ILS,7388,556,1202,SUBOPTIMAL
s128128_is1_lrc133_c01001000111,ILS,10620,1004,1205,SUBOPTIMAL
s128128_is1_lrc133_c01001000111,ILS,10609,942,1210,SUBOPTIMAL
s128128_is1_lrc133_c01001000111,ILS,10698,1052,1213,SUBOPTIMAL
s128128_is1_lrc133_c01001000111,ILS,11086,786,1471,SUBOPTIMAL
s128128_is1_lrc133_c01001000111,ILS,10532,962,1208,SUBOPTIMAL
s128128_is2_lrc055_c01001000111,ILS,7262,555,1203,SUBOPTIMAL
s128128_is2_lrc055_c01001000111,ILS,7255,627,1204,SUBOPTIMAL
s128128_is2_lrc055_c01001000111,ILS,7259,605,1207,SUBOPTIMAL
s128128_is2_lrc055_c01001000111,ILS,7716,633,1492,SUBOPTIMAL
s128128_is2_lrc055_c01001000111,ILS,7236,537,1203,SUBOPTIMAL
s128128_is1_lrc133_c01001000001,ILS,10676,934,1206,SUBOPTIMAL
s128128_is1_lrc133_c01001000001,ILS,10695,928,1203,SUBOPTIMAL
s128128_is1_lrc133_c01001000001,ILS,10649,890,1212,SUBOPTIMAL
s128128_is1_lrc133_c01001000001,ILS,11064,789,1482,SUBOPTIMAL
s128128_is1_lrc133_c01001000001,ILS,10726,876,1210,SUBOPTIMAL
s128128_is2_lrc055_c01001001101,ILS,7252,696,1208,SUBOPTIMAL
s128128_is2_lrc055_c01001001101,ILS,7153,562,1208,SUBOPTIMAL
s128128_is2_lrc055_c01001001101,ILS,7382,697,1206,SUBOPTIMAL
s128128_is2_lrc055_c01001001101,ILS,7709,609,1494,SUBOPTIMAL
s128128_is2_lrc055_c01001001101,ILS,7321,576,1209,SUBOPTIMAL
s6464_ir1_lrc181_c01001001101,ILS,7880,1488,618,SUBOPTIMAL
s6464_ir1_lrc181_c01001001101,ILS,8003,1273,1756,SUBOPTIMAL
s6464_ir1_lrc181_c01001001101,ILS,7992,1255,609,SUBOPTIMAL
s6464_ir1_lrc181_c01001001101,ILS,7923,1468,600,SUBOPTIMAL
s6464_ir1_lrc181_c01001001101,ILS,7905,1472,615,SUBOPTIMAL
s6464_ir1_lrc181_c01001000001,ILS,7960,1240,617,SUBOPTIMAL
s6464_ir1_lrc181_c01001000001,ILS,7960,1258,1798,SUBOPTIMAL
s6464_ir1_lrc181_c01001000001,ILS,7975,1230,614,SUBOPTIMAL
s6464_ir1_lrc181_c01001000001,ILS,7953,1245,613,SUBOPTIMAL
s6464_ir1_lrc181_c01001000001,ILS,7932,1258,600,SUBOPTIMAL
s6464_is2_lrc133_c01001001101,ILS,2626,363,600,SUBOPTIMAL
s6464_is2_lrc133_c01001001101,ILS,2565,328,601,SUBOPTIMAL
s6464_is2_lrc133_c01001001101,ILS,2641,314,601,SUBOPTIMAL
s6464_is2_lrc133_c01001001101,ILS,2609,318,600,SUBOPTIMAL
s6464_is2_lrc133_c01001001101,ILS,2645,318,600,SUBOPTIMAL
s6464_is2_lrc133_c01001000001,ILS,2706,297,601,SUBOPTIMAL
s6464_is2_lrc133_c01001000001,ILS,2685,286,600,SUBOPTIMAL
s6464_is2_lrc133_c01001000001,ILS,2685,269,600,SUBOPTIMAL
s6464_is2_lrc133_c01001000001,ILS,2684,356,600,SUBOPTIMAL
s6464_is2_lrc133_c01001000001,ILS,2664,295,600,SUBOPTIMAL
s6464_is2_lrc133_c01001000111,ILS,2596,311,600,SUBOPTIMAL
s6464_is2_lrc133_c01001000111,ILS,2635,314,601,SUBOPTIMAL
s6464_is2_lrc133_c01001000111,ILS,2646,309,600,SUBOPTIMAL
s6464_is2_lrc133_c01001000111,ILS,2649,351,600,SUBOPTIMAL
s6464_is2_lrc133_c01001000111,ILS,2636,320,600,SUBOPTIMAL
s6464_ir1_lrc181_c01001000111,ILS,7926,1480,602,SUBOPTIMAL
s6464_ir1_lrc181_c01001000111,ILS,7908,1432,610,SUBOPTIMAL
s6464_ir1_lrc181_c01001000111,ILS,7908,1400,603,SUBOPTIMAL
s6464_ir1_lrc181_c01001000111,ILS,7899,1460,617,SUBOPTIMAL
s6464_ir1_lrc181_c01001000111,ILS,7866,1422,601,SUBOPTIMAL
s1616_is2_lrc185_c01001000110,ILS,79,15,60,SUBOPTIMAL
s1616_is2_lrc185_c01001000110,ILS,81,13,60,SUBOPTIMAL
s1616_is2_lrc185_c01001000110,ILS,81,11,60,SUBOPTIMAL
s1616_is2_lrc185_c01001000110,ILS,80,14,60,SUBOPTIMAL
s1616_is2_lrc185_c01001000110,ILS,82,13,60,SUBOPTIMAL
s1616_ir1_lrc131_c01001000110,ILS,203,49,60,SUBOPTIMAL
s1616_ir1_lrc131_c01001000110,ILS,194,47,60,SUBOPTIMAL
s1616_ir1_lrc131_c01001000110,ILS,199,46,60,SUBOPTIMAL
s1616_ir1_lrc131_c01001000110,ILS,206,33,60,SUBOPTIMAL
s1616_ir1_lrc131_c01001000110,ILS,199,42,60,SUBOPTIMAL
s1616_ir1_lrc185_c01001000110,ILS,108,30,60,SUBOPTIMAL
s1616_ir1_lrc185_c01001000110,ILS,106,28,60,SUBOPTIMAL
s1616_ir1_lrc185_c01001000110,ILS,108,22,60,SUBOPTIMAL
s1616_ir1_lrc185_c01001000110,ILS,107,23,60,SUBOPTIMAL
s1616_ir1_lrc185_c01001000110,ILS,105,20,60,SUBOPTIMAL
s1616_is1_lrc155_c01001000110,ILS,100,17,60,SUBOPTIMAL
s1616_is1_lrc155_c01001000110,ILS,95,17,60,SUBOPTIMAL
s1616_is1_lrc155_c01001000110,ILS,102,19,60,SUBOPTIMAL
s1616_is1_lrc155_c01001000110,ILS,99,20,60,SUBOPTIMAL
s1616_is1_lrc155_c01001000110,ILS,97,15,60,SUBOPTIMAL
s1616_ir0_lrc151_c01001000110,ILS,127,26,60,SUBOPTIMAL
s1616_ir0_lrc151_c01001000110,ILS,130,24,60,SUBOPTIMAL
s1616_ir0_lrc151_c01001000110,ILS,128,24,60,SUBOPTIMAL
s1616_ir0_lrc151_c01001000110,ILS,128,26,60,SUBOPTIMAL
s1616_ir0_lrc151_c01001000110,ILS,128,24,60,SUBOPTIMAL
s1616_ir2_lrc053_c01001000110,ILS,144,30,60,SUBOPTIMAL
s1616_ir2_lrc053_c01001000110,ILS,141,27,60,SUBOPTIMAL
s1616_ir2_lrc053_c01001000110,ILS,144,25,60,SUBOPTIMAL
s1616_ir2_lrc053_c01001000110,ILS,141,23,60,SUBOPTIMAL
s1616_ir2_lrc053_c01001000110,ILS,143,26,60,SUBOPTIMAL
s6464_is2_lrc133_c01001000110,ILS,2619,393,601,SUBOPTIMAL
s6464_is2_lrc133_c01001000110,ILS,2653,340,600,SUBOPTIMAL
s6464_is2_lrc133_c01001000110,ILS,2623,358,601,SUBOPTIMAL
s6464_is2_lrc133_c01001000110,ILS,2667,312,601,SUBOPTIMAL
s6464_is2_lrc133_c01001000110,ILS,2603,375,600,SUBOPTIMAL
s6464_ir1_lrc181_c01001000110,ILS,7928,1462,600,SUBOPTIMAL
s6464_ir1_lrc181_c01001000110,ILS,7901,1310,600,SUBOPTIMAL
s6464_ir1_lrc181_c01001000110,ILS,7917,1474,601,SUBOPTIMAL
s6464_ir1_lrc181_c01001000110,ILS,7925,1432,611,SUBOPTIMAL
s6464_ir1_lrc181_c01001000110,ILS,7938,1402,611,SUBOPTIMAL
s128128_is2_lrc055_c01001000110,ILS,7267,610,1205,SUBOPTIMAL
s128128_is2_lrc055_c01001000110,ILS,7336,653,1207,SUBOPTIMAL
s128128_is2_lrc055_c01001000110,ILS,7238,568,1205,SUBOPTIMAL
s128128_is2_lrc055_c01001000110,ILS,7266,604,1202,SUBOPTIMAL
s128128_is2_lrc055_c01001000110,ILS,7207,618,1203,SUBOPTIMAL
s128128_is1_lrc133_c01001000110,ILS,10661,1072,1212,SUBOPTIMAL
s128128_is1_lrc133_c01001000110,ILS,10724,886,1212,SUBOPTIMAL
s128128_is1_lrc133_c01001000110,ILS,10691,1078,1361,SUBOPTIMAL
s128128_is1_lrc133_c01001000110,ILS,10671,1046,1203,SUBOPTIMAL
s128128_is1_lrc133_c01001000110,ILS,10614,966,1203,SUBOPTIMAL
s128128_is1_lrc133_c01001010110,ILS,10720,942,1201,SUBOPTIMAL
s128128_is1_lrc133_c01001010110,ILS,10885,908,1202,SUBOPTIMAL
s128128_is1_lrc133_c01001010110,ILS,10931,912,1204,SUBOPTIMAL
s128128_is1_lrc133_c01001010110,ILS,10873,912,1202,SUBOPTIMAL
s128128_is1_lrc133_c01001010110,ILS,10904,934,1201,SUBOPTIMAL
s128128_is2_lrc055_c01101000110,ILS,7322,573,1206,SUBOPTIMAL
s128128_is2_lrc055_c01101000110,ILS,7305,537,1201,SUBOPTIMAL
s128128_is2_lrc055_c01101000110,ILS,7286,575,1200,SUBOPTIMAL
s128128_is2_lrc055_c01101000110,ILS,7257,552,1202,SUBOPTIMAL
s128128_is2_lrc055_c01101000110,ILS,7261,561,1208,SUBOPTIMAL
s128128_is2_lrc055_c11001000110,ILS,7263,602,1200,SUBOPTIMAL
s128128_is2_lrc055_c11001000110,ILS,7218,616,1202,SUBOPTIMAL
s128128_is2_lrc055_c11001000110,ILS,7273,573,1202,SUBOPTIMAL
s128128_is2_lrc055_c11001000110,ILS,7213,659,1210,SUBOPTIMAL
s128128_is2_lrc055_c11001000110,ILS,7247,522,1205,SUBOPTIMAL
s128128_is1_lrc133_c11001000110,ILS,10639,1028,1210,SUBOPTIMAL
s128128_is1_lrc133_c11001000110,ILS,10635,918,1202,SUBOPTIMAL
s128128_is1_lrc133_c11001000110,ILS,10581,982,1207,SUBOPTIMAL
s128128_is1_lrc133_c11001000110,ILS,10647,972,1212,SUBOPTIMAL
s128128_is1_lrc133_c11001000110,ILS,10579,987,1203,SUBOPTIMAL
s128128_is1_lrc133_c01101000110,ILS,10683,857,1214,SUBOPTIMAL
s128128_is1_lrc133_c01101000110,ILS,10627,934,1206,SUBOPTIMAL
s128128_is1_lrc133_c01101000110,ILS,10576,1004,1212,SUBOPTIMAL
s128128_is1_lrc133_c01101000110,ILS,10577,878,1205,SUBOPTIMAL
s128128_is1_lrc133_c01101000110,ILS,10648,898,1207,SUBOPTIMAL
s128128_is2_lrc055_c01011000110,ILS,7338,519,1202,SUBOPTIMAL
s128128_is2_lrc055_c01011000110,ILS,7422,538,1203,SUBOPTIMAL
s128128_is2_lrc055_c01011000110,ILS,7354,548,1204,SUBOPTIMAL
s128128_is2_lrc055_c01011000110,ILS,7420,503,1204,SUBOPTIMAL
s128128_is2_lrc055_c01011000110,ILS,7399,534,1281,SUBOPTIMAL
s128128_is1_lrc133_c01011000110,ILS,10663,872,1205,SUBOPTIMAL
s128128_is1_lrc133_c01011000110,ILS,10695,906,1267,SUBOPTIMAL
s128128_is1_lrc133_c01011000110,ILS,10707,846,1221,SUBOPTIMAL
s128128_is1_lrc133_c01011000110,ILS,10681,844,1285,SUBOPTIMAL
s128128_is1_lrc133_c01011000110,ILS,10748,898,1204,SUBOPTIMAL
s1616_ir0_lrc151_c11001000110,ILS,125,29,60,SUBOPTIMAL
s1616_ir0_lrc151_c11001000110,ILS,119,29,60,SUBOPTIMAL
s1616_ir0_lrc151_c11001000110,ILS,127,27,60,SUBOPTIMAL
s1616_ir0_lrc151_c11001000110,ILS,128,30,60,SUBOPTIMAL
s1616_ir0_lrc151_c11001000110,ILS,126,27,60,SUBOPTIMAL
s1616_ir0_lrc151_c01101000110,ILS,134,24,60,SUBOPTIMAL
s1616_ir0_lrc151_c01101000110,ILS,137,23,60,SUBOPTIMAL
s1616_ir0_lrc151_c01101000110,ILS,131,20,60,SUBOPTIMAL
s1616_ir0_lrc151_c01101000110,ILS,125,24,60,SUBOPTIMAL
s1616_ir0_lrc151_c01101000110,ILS,126,21,60,SUBOPTIMAL
s1616_ir0_lrc151_c01011000110,ILS,132,22,60,SUBOPTIMAL
s1616_ir0_lrc151_c01011000110,ILS,130,31,60,SUBOPTIMAL
s1616_ir0_lrc151_c01011000110,ILS,134,27,60,SUBOPTIMAL
s1616_ir0_lrc151_c01011000110,ILS,135,31,60,SUBOPTIMAL
s1616_ir0_lrc151_c01011000110,ILS,126,25,60,SUBOPTIMAL
s1616_ir0_lrc151_c01001100110,ILS,128,27,60,SUBOPTIMAL
s1616_ir0_lrc151_c01001100110,ILS,128,26,60,SUBOPTIMAL
s1616_ir0_lrc151_c01001100110,ILS,131,32,60,SUBOPTIMAL
s1616_ir0_lrc151_c01001100110,ILS,133,29,60,SUBOPTIMAL
s1616_ir0_lrc151_c01001100110,ILS,129,30,60,SUBOPTIMAL
s1616_ir0_lrc151_c01001010110,ILS,129,24,60,SUBOPTIMAL
s1616_ir0_lrc151_c01001010110,ILS,127,25,60,SUBOPTIMAL
s1616_ir0_lrc151_c01001010110,ILS,128,31,60,SUBOPTIMAL
s1616_ir0_lrc151_c01001010110,ILS,128,23,60,SUBOPTIMAL
s1616_ir0_lrc151_c01001010110,ILS,128,26,60,SUBOPTIMAL
s1616_ir1_lrc131_c11001000110,ILS,198,43,60,SUBOPTIMAL
s1616_ir1_lrc131_c11001000110,ILS,192,43,60,SUBOPTIMAL
s1616_ir1_lrc131_c11001000110,ILS,195,36,60,SUBOPTIMAL
s1616_ir1_lrc131_c11001000110,ILS,200,33,60,SUBOPTIMAL
s1616_ir1_lrc131_c11001000110,ILS,197,37,60,SUBOPTIMAL
s1616_ir1_lrc131_c01101000110,ILS,196,42,60,SUBOPTIMAL
s1616_ir1_lrc131_c01101000110,ILS,205,32,60,SUBOPTIMAL
s1616_ir1_lrc131_c01101000110,ILS,196,39,60,SUBOPTIMAL
s1616_ir1_lrc131_c01101000110,ILS,201,43,60,SUBOPTIMAL
s1616_ir1_lrc131_c01101000110,ILS,199,51,60,SUBOPTIMAL
s1616_ir1_lrc131_c01011000110,ILS,198,45,60,SUBOPTIMAL
s1616_ir1_lrc131_c01011000110,ILS,204,42,60,SUBOPTIMAL
s1616_ir1_lrc131_c01011000110,ILS,195,43,60,SUBOPTIMAL
s1616_ir1_lrc131_c01011000110,ILS,202,41,60,SUBOPTIMAL
s1616_ir1_lrc131_c01011000110,ILS,194,44,60,SUBOPTIMAL
s1616_ir1_lrc131_c01001100110,ILS,203,48,60,SUBOPTIMAL
s1616_ir1_lrc131_c01001100110,ILS,206,41,61,SUBOPTIMAL
s1616_ir1_lrc131_c01001100110,ILS,205,44,60,SUBOPTIMAL
s1616_ir1_lrc131_c01001100110,ILS,206,45,60,SUBOPTIMAL
s1616_ir1_lrc131_c01001100110,ILS,207,35,60,SUBOPTIMAL
s128128_is1_lrc133_c01001100110,ILS,10834,914,1381,SUBOPTIMAL
s128128_is1_lrc133_c01001100110,ILS,10846,938,1398,SUBOPTIMAL
s128128_is1_lrc133_c01001100110,ILS,10841,988,1381,SUBOPTIMAL
s128128_is1_lrc133_c01001100110,ILS,10854,958,1363,SUBOPTIMAL
s128128_is1_lrc133_c01001100110,ILS,10836,945,1247,SUBOPTIMAL
s1616_ir1_lrc131_c01001010110,ILS,193,37,60,SUBOPTIMAL
s1616_ir1_lrc131_c01001010110,ILS,194,46,60,SUBOPTIMAL
s1616_ir1_lrc131_c01001010110,ILS,193,46,60,SUBOPTIMAL
s1616_ir1_lrc131_c01001010110,ILS,203,41,60,SUBOPTIMAL
s1616_ir1_lrc131_c01001010110,ILS,197,34,60,SUBOPTIMAL
s1616_ir1_lrc185_c11001000110,ILS,110,24,60,SUBOPTIMAL
s1616_ir1_lrc185_c11001000110,ILS,111,22,60,SUBOPTIMAL
s1616_ir1_lrc185_c11001000110,ILS,112,21,60,SUBOPTIMAL
s1616_ir1_lrc185_c11001000110,ILS,104,21,60,SUBOPTIMAL
s1616_ir1_lrc185_c11001000110,ILS,107,17,60,SUBOPTIMAL
s1616_ir1_lrc185_c01101000110,ILS,105,20,60,SUBOPTIMAL
s1616_ir1_lrc185_c01101000110,ILS,109,21,60,SUBOPTIMAL
s1616_ir1_lrc185_c01101000110,ILS,108,27,60,SUBOPTIMAL
s1616_ir1_lrc185_c01101000110,ILS,109,21,60,SUBOPTIMAL
s1616_ir1_lrc185_c01101000110,ILS,101,28,60,SUBOPTIMAL
s1616_ir1_lrc185_c01011000110,ILS,115,26,60,SUBOPTIMAL
s1616_ir1_lrc185_c01011000110,ILS,111,29,60,SUBOPTIMAL
s1616_ir1_lrc185_c01011000110,ILS,110,25,60,SUBOPTIMAL
s1616_ir1_lrc185_c01011000110,ILS,107,18,60,SUBOPTIMAL
s1616_ir1_lrc185_c01011000110,ILS,107,21,60,SUBOPTIMAL
s1616_ir1_lrc185_c01001100110,ILS,109,29,60,SUBOPTIMAL
s1616_ir1_lrc185_c01001100110,ILS,111,23,60,SUBOPTIMAL
s1616_ir1_lrc185_c01001100110,ILS,119,21,60,SUBOPTIMAL
s1616_ir1_lrc185_c01001100110,ILS,109,29,60,SUBOPTIMAL
s1616_ir1_lrc185_c01001100110,ILS,117,24,60,SUBOPTIMAL
s1616_ir1_lrc185_c01001010110,ILS,108,21,60,SUBOPTIMAL
s1616_ir1_lrc185_c01001010110,ILS,109,21,60,SUBOPTIMAL
s1616_ir1_lrc185_c01001010110,ILS,111,28,60,SUBOPTIMAL
s1616_ir1_lrc185_c01001010110,ILS,110,27,60,SUBOPTIMAL
s1616_ir1_lrc185_c01001010110,ILS,107,26,60,SUBOPTIMAL
s1616_ir2_lrc053_c11001000110,ILS,147,30,60,SUBOPTIMAL
s1616_ir2_lrc053_c11001000110,ILS,141,28,60,SUBOPTIMAL
s1616_ir2_lrc053_c11001000110,ILS,141,34,60,SUBOPTIMAL
s1616_ir2_lrc053_c11001000110,ILS,143,27,60,SUBOPTIMAL
s1616_ir2_lrc053_c11001000110,ILS,141,30,60,SUBOPTIMAL
s1616_ir2_lrc053_c01101000110,ILS,137,27,60,SUBOPTIMAL
s1616_ir2_lrc053_c01101000110,ILS,144,27,60,SUBOPTIMAL
s1616_ir2_lrc053_c01101000110,ILS,143,27,60,SUBOPTIMAL
s1616_ir2_lrc053_c01101000110,ILS,138,27,60,SUBOPTIMAL
s1616_ir2_lrc053_c01101000110,ILS,142,28,60,SUBOPTIMAL
s1616_ir2_lrc053_c01011000110,ILS,143,30,60,SUBOPTIMAL
s1616_ir2_lrc053_c01011000110,ILS,144,28,60,SUBOPTIMAL
s1616_ir2_lrc053_c01011000110,ILS,150,26,60,SUBOPTIMAL
s1616_ir2_lrc053_c01011000110,ILS,146,26,60,SUBOPTIMAL
s1616_ir2_lrc053_c01011000110,ILS,141,29,60,SUBOPTIMAL
s1616_ir2_lrc053_c01001100110,ILS,147,23,60,SUBOPTIMAL
s1616_ir2_lrc053_c01001100110,ILS,150,27,60,SUBOPTIMAL
s1616_ir2_lrc053_c01001100110,ILS,145,27,60,SUBOPTIMAL
s1616_ir2_lrc053_c01001100110,ILS,154,27,60,SUBOPTIMAL
s1616_ir2_lrc053_c01001100110,ILS,151,29,60,SUBOPTIMAL
s1616_ir2_lrc053_c01001010110,ILS,139,31,60,SUBOPTIMAL
s1616_ir2_lrc053_c01001010110,ILS,142,28,60,SUBOPTIMAL
s1616_ir2_lrc053_c01001010110,ILS,142,28,60,SUBOPTIMAL
s1616_ir2_lrc053_c01001010110,ILS,144,27,60,SUBOPTIMAL
s1616_ir2_lrc053_c01001010110,ILS,148,26,60,SUBOPTIMAL
s1616_is1_lrc155_c11001000110,ILS,93,19,60,SUBOPTIMAL
s1616_is1_lrc155_c11001000110,ILS,97,19,60,SUBOPTIMAL
s1616_is1_lrc155_c11001000110,ILS,99,13,60,SUBOPTIMAL
s1616_is1_lrc155_c11001000110,ILS,95,16,60,SUBOPTIMAL
s1616_is1_lrc155_c11001000110,ILS,104,19,60,SUBOPTIMAL
s1616_is1_lrc155_c01101000110,ILS,96,23,60,SUBOPTIMAL
s1616_is1_lrc155_c01101000110,ILS,100,19,60,SUBOPTIMAL
s1616_is1_lrc155_c01101000110,ILS,99,13,60,SUBOPTIMAL
s1616_is1_lrc155_c01101000110,ILS,95,23,60,SUBOPTIMAL
s1616_is1_lrc155_c01101000110,ILS,100,19,60,SUBOPTIMAL
s1616_is1_lrc155_c01011000110,ILS,98,19,60,SUBOPTIMAL
s1616_is1_lrc155_c01011000110,ILS,104,22,60,SUBOPTIMAL
s1616_is1_lrc155_c01011000110,ILS,101,18,60,SUBOPTIMAL
s1616_is1_lrc155_c01011000110,ILS,97,17,60,SUBOPTIMAL
s1616_is1_lrc155_c01011000110,ILS,98,13,60,SUBOPTIMAL
s1616_is1_lrc155_c01001100110,ILS,102,17,60,SUBOPTIMAL
s1616_is1_lrc155_c01001100110,ILS,103,15,60,SUBOPTIMAL
s1616_is1_lrc155_c01001100110,ILS,100,19,60,SUBOPTIMAL
s1616_is1_lrc155_c01001100110,ILS,104,24,60,SUBOPTIMAL
s1616_is1_lrc155_c01001100110,ILS,105,21,60,SUBOPTIMAL
s1616_is1_lrc155_c01001010110,ILS,96,21,60,SUBOPTIMAL
s1616_is1_lrc155_c01001010110,ILS,102,24,60,SUBOPTIMAL
s1616_is1_lrc155_c01001010110,ILS,101,15,60,SUBOPTIMAL
s1616_is1_lrc155_c01001010110,ILS,99,19,60,SUBOPTIMAL
s1616_is1_lrc155_c01001010110,ILS,99,18,60,SUBOPTIMAL
s1616_is2_lrc185_c11001000110,ILS,77,16,60,SUBOPTIMAL
s1616_is2_lrc185_c11001000110,ILS,79,17,60,SUBOPTIMAL
s1616_is2_lrc185_c11001000110,ILS,81,13,60,SUBOPTIMAL
s1616_is2_lrc185_c11001000110,ILS,76,14,60,SUBOPTIMAL
s1616_is2_lrc185_c11001000110,ILS,81,15,60,SUBOPTIMAL
s1616_is2_lrc185_c01101000110,ILS,76,18,60,SUBOPTIMAL
s1616_is2_lrc185_c01101000110,ILS,73,14,60,SUBOPTIMAL
s1616_is2_lrc185_c01101000110,ILS,80,15,60,SUBOPTIMAL
s1616_is2_lrc185_c01101000110,ILS,80,12,60,SUBOPTIMAL
s1616_is2_lrc185_c01101000110,ILS,80,14,60,SUBOPTIMAL
s1616_is2_lrc185_c01011000110,ILS,81,14,60,SUBOPTIMAL
s1616_is2_lrc185_c01011000110,ILS,78,16,60,SUBOPTIMAL
s1616_is2_lrc185_c01011000110,ILS,79,17,60,SUBOPTIMAL
s1616_is2_lrc185_c01011000110,ILS,80,13,60,SUBOPTIMAL
s1616_is2_lrc185_c01011000110,ILS,80,17,60,SUBOPTIMAL
s1616_is2_lrc185_c01001100110,ILS,77,13,60,SUBOPTIMAL
s1616_is2_lrc185_c01001100110,ILS,80,18,60,SUBOPTIMAL
s1616_is2_lrc185_c01001100110,ILS,81,13,60,SUBOPTIMAL
s1616_is2_lrc185_c01001100110,ILS,78,18,60,SUBOPTIMAL
s1616_is2_lrc185_c01001100110,ILS,79,16,60,SUBOPTIMAL
s1616_is2_lrc185_c01001010110,ILS,77,16,60,SUBOPTIMAL
s1616_is2_lrc185_c01001010110,ILS,79,11,60,SUBOPTIMAL
s1616_is2_lrc185_c01001010110,ILS,77,18,60,SUBOPTIMAL
s1616_is2_lrc185_c01001010110,ILS,79,16,60,SUBOPTIMAL
s1616_is2_lrc185_c01001010110,ILS,76,17,60,SUBOPTIMAL
s6464_ir1_lrc181_c11001000110,ILS,7921,1336,605,SUBOPTIMAL
s6464_ir1_lrc181_c11001000110,ILS,7893,1310,614,SUBOPTIMAL
s6464_ir1_lrc181_c11001000110,ILS,7916,1456,603,SUBOPTIMAL
s6464_ir1_lrc181_c11001000110,ILS,7894,1374,618,SUBOPTIMAL
s6464_ir1_lrc181_c11001000110,ILS,7892,1321,611,SUBOPTIMAL
s6464_ir1_lrc181_c01101000110,ILS,7944,1251,615,SUBOPTIMAL
s6464_ir1_lrc181_c01101000110,ILS,7925,1362,602,SUBOPTIMAL
s6464_ir1_lrc181_c01101000110,ILS,7889,1286,601,SUBOPTIMAL
s6464_ir1_lrc181_c01101000110,ILS,7880,1407,608,SUBOPTIMAL
s6464_ir1_lrc181_c01101000110,ILS,7866,1282,602,SUBOPTIMAL
s6464_ir1_lrc181_c01011000110,ILS,7953,1420,613,SUBOPTIMAL
s6464_ir1_lrc181_c01011000110,ILS,7937,1407,602,SUBOPTIMAL
s6464_ir1_lrc181_c01011000110,ILS,7893,1320,614,SUBOPTIMAL
s6464_ir1_lrc181_c01011000110,ILS,7923,1296,613,SUBOPTIMAL
s6464_ir1_lrc181_c01011000110,ILS,7999,1250,606,SUBOPTIMAL
s6464_is2_lrc133_c11001000110,ILS,2619,319,600,SUBOPTIMAL
s6464_is2_lrc133_c11001000110,ILS,2604,359,600,SUBOPTIMAL
s6464_is2_lrc133_c11001000110,ILS,2626,312,600,SUBOPTIMAL
s6464_is2_lrc133_c11001000110,ILS,2620,303,600,SUBOPTIMAL
s6464_is2_lrc133_c11001000110,ILS,2617,352,600,SUBOPTIMAL
s6464_ir1_lrc181_c01001010110,ILS,7923,1296,616,SUBOPTIMAL
s6464_ir1_lrc181_c01001010110,ILS,7935,1295,615,SUBOPTIMAL
s6464_ir1_lrc181_c01001010110,ILS,7963,1310,601,SUBOPTIMAL
s6464_ir1_lrc181_c01001010110,ILS,7952,1306,607,SUBOPTIMAL
s6464_ir1_lrc181_c01001010110,ILS,7908,1262,601,SUBOPTIMAL
s6464_ir1_lrc181_c01001100110,ILS,8015,1272,722,SUBOPTIMAL
s6464_ir1_lrc181_c01001100110,ILS,7985,1285,607,SUBOPTIMAL
s6464_ir1_lrc181_c01001100110,ILS,8016,1284,611,SUBOPTIMAL
s6464_ir1_lrc181_c01001100110,ILS,7991,1268,609,SUBOPTIMAL
s6464_ir1_lrc181_c01001100110,ILS,7991,1261,726,SUBOPTIMAL
s128128_is2_lrc055_c01001010110,ILS,7421,583,1203,SUBOPTIMAL
s128128_is2_lrc055_c01001010110,ILS,7530,581,1202,SUBOPTIMAL
s128128_is2_lrc055_c01001010110,ILS,7394,501,1205,SUBOPTIMAL
s128128_is2_lrc055_c01001010110,ILS,7354,584,1202,SUBOPTIMAL
s128128_is2_lrc055_c01001010110,ILS,7401,584,1203,SUBOPTIMAL
s128128_is2_lrc055_c01001100110,ILS,7405,560,1457,SUBOPTIMAL
s128128_is2_lrc055_c01001100110,ILS,7368,572,1481,SUBOPTIMAL
s128128_is2_lrc055_c01001100110,ILS,7373,596,1479,SUBOPTIMAL
s128128_is2_lrc055_c01001100110,ILS,7471,591,1396,SUBOPTIMAL
s128128_is2_lrc055_c01001100110,ILS,7464,593,1476,SUBOPTIMAL
s6464_is2_lrc133_c01101000110,ILS,2624,277,600,SUBOPTIMAL
s6464_is2_lrc133_c01101000110,ILS,2634,397,600,SUBOPTIMAL
s6464_is2_lrc133_c01101000110,ILS,2626,327,600,SUBOPTIMAL
s6464_is2_lrc133_c01101000110,ILS,2613,304,600,SUBOPTIMAL
s6464_is2_lrc133_c01101000110,ILS,2654,306,600,SUBOPTIMAL
s6464_is2_lrc133_c01011000110,ILS,2674,311,600,SUBOPTIMAL
s6464_is2_lrc133_c01011000110,ILS,2671,360,603,SUBOPTIMAL
s6464_is2_lrc133_c01011000110,ILS,2661,342,601,SUBOPTIMAL
s6464_is2_lrc133_c01011000110,ILS,2654,333,600,SUBOPTIMAL
s6464_is2_lrc133_c01011000110,ILS,2645,343,600,SUBOPTIMAL
s6464_is2_lrc133_c01001100110,ILS,2710,275,606,SUBOPTIMAL
s6464_is2_lrc133_c01001100110,ILS,2700,273,626,SUBOPTIMAL
s6464_is2_lrc133_c01001100110,ILS,2711,269,615,SUBOPTIMAL
s6464_is2_lrc133_c01001100110,ILS,2674,304,603,SUBOPTIMAL
s6464_is2_lrc133_c01001100110,ILS,2684,309,618,SUBOPTIMAL
s6464_is2_lrc133_c01001010110,ILS,2630,315,601,SUBOPTIMAL
s6464_is2_lrc133_c01001010110,ILS,2666,305,601,SUBOPTIMAL
s6464_is2_lrc133_c01001010110,ILS,2665,273,600,SUBOPTIMAL
s6464_is2_lrc133_c01001010110,ILS,2630,330,601,SUBOPTIMAL
s6464_is2_lrc133_c01001010110,ILS,2656,313,601,SUBOPTIMAL
s1616_ir0_lrc151_c11001000010,ILS,130,25,60,SUBOPTIMAL
s1616_ir0_lrc151_c11001000010,ILS,131,28,60,SUBOPTIMAL
s1616_ir0_lrc151_c11001000010,ILS,127,26,60,SUBOPTIMAL
s1616_ir0_lrc151_c11001000010,ILS,126,23,60,SUBOPTIMAL
s1616_ir0_lrc151_c11001000010,ILS,128,27,60,SUBOPTIMAL
s1616_ir0_lrc151_c11001001110,ILS,123,29,60,SUBOPTIMAL
s1616_ir0_lrc151_c11001001110,ILS,125,25,60,SUBOPTIMAL
s1616_ir0_lrc151_c11001001110,ILS,127,27,60,SUBOPTIMAL
s1616_ir0_lrc151_c11001001110,ILS,129,37,60,SUBOPTIMAL
s1616_ir0_lrc151_c11001001110,ILS,128,25,60,SUBOPTIMAL
s1616_ir1_lrc131_c11001001110,ILS,195,42,60,SUBOPTIMAL
s1616_ir1_lrc131_c11001001110,ILS,200,39,60,SUBOPTIMAL
s1616_ir1_lrc131_c11001001110,ILS,201,42,60,SUBOPTIMAL
s1616_ir1_lrc131_c11001001110,ILS,198,43,60,SUBOPTIMAL
s1616_ir1_lrc131_c11001001110,ILS,200,30,60,SUBOPTIMAL
s1616_ir0_lrc151_c11001000100,ILS,135,29,60,SUBOPTIMAL
s1616_ir0_lrc151_c11001000100,ILS,131,23,60,SUBOPTIMAL
s1616_ir0_lrc151_c11001000100,ILS,126,24,60,SUBOPTIMAL
s1616_ir0_lrc151_c11001000100,ILS,131,32,60,SUBOPTIMAL
s1616_ir0_lrc151_c11001000100,ILS,127,27,60,SUBOPTIMAL
s1616_ir1_lrc131_c11001000100,ILS,194,42,60,SUBOPTIMAL
s1616_ir1_lrc131_c11001000100,ILS,199,38,60,SUBOPTIMAL
s1616_ir1_lrc131_c11001000100,ILS,199,50,60,SUBOPTIMAL
s1616_ir1_lrc131_c11001000100,ILS,198,33,60,SUBOPTIMAL
s1616_ir1_lrc131_c11001000100,ILS,198,52,60,SUBOPTIMAL
s1616_ir1_lrc131_c11001000010,ILS,205,48,60,SUBOPTIMAL
s1616_ir1_lrc131_c11001000010,ILS,197,42,60,SUBOPTIMAL
s1616_ir1_lrc131_c11001000010,ILS,197,45,60,SUBOPTIMAL
s1616_ir1_lrc131_c11001000010,ILS,206,26,60,SUBOPTIMAL
s1616_ir1_lrc131_c11001000010,ILS,199,48,60,SUBOPTIMAL
s1616_ir1_lrc185_c11001001110,ILS,111,26,60,SUBOPTIMAL
s1616_ir1_lrc185_c11001001110,ILS,111,28,60,SUBOPTIMAL
s1616_ir1_lrc185_c11001001110,ILS,108,24,60,SUBOPTIMAL
s1616_ir1_lrc185_c11001001110,ILS,111,26,60,SUBOPTIMAL
s1616_ir1_lrc185_c11001001110,ILS,105,19,60,SUBOPTIMAL
s1616_ir1_lrc185_c11001000010,ILS,105,25,60,SUBOPTIMAL
s1616_ir1_lrc185_c11001000010,ILS,112,29,60,SUBOPTIMAL
s1616_ir1_lrc185_c11001000010,ILS,108,27,60,SUBOPTIMAL
s1616_ir1_lrc185_c11001000010,ILS,105,18,60,SUBOPTIMAL
s1616_ir1_lrc185_c11001000010,ILS,105,29,60,SUBOPTIMAL
s1616_ir2_lrc053_c11001001110,ILS,142,29,60,SUBOPTIMAL
s1616_ir2_lrc053_c11001001110,ILS,139,25,60,SUBOPTIMAL
s1616_ir2_lrc053_c11001001110,ILS,143,36,60,SUBOPTIMAL
s1616_ir2_lrc053_c11001001110,ILS,138,27,60,SUBOPTIMAL
s1616_ir2_lrc053_c11001001110,ILS,135,30,60,SUBOPTIMAL
s1616_ir1_lrc185_c11001000100,ILS,108,25,60,SUBOPTIMAL
s1616_ir1_lrc185_c11001000100,ILS,107,20,60,SUBOPTIMAL
s1616_ir1_lrc185_c11001000100,ILS,110,24,60,SUBOPTIMAL
s1616_ir1_lrc185_c11001000100,ILS,112,28,60,SUBOPTIMAL
s1616_ir1_lrc185_c11001000100,ILS,108,25,60,SUBOPTIMAL
s1616_ir2_lrc053_c11001000100,ILS,144,24,60,SUBOPTIMAL
s1616_ir2_lrc053_c11001000100,ILS,146,25,60,SUBOPTIMAL
s1616_ir2_lrc053_c11001000100,ILS,136,28,60,SUBOPTIMAL
s1616_ir2_lrc053_c11001000100,ILS,140,27,60,SUBOPTIMAL
s1616_ir2_lrc053_c11001000100,ILS,139,32,60,SUBOPTIMAL
s1616_ir2_lrc053_c11001000010,ILS,143,24,60,SUBOPTIMAL
s1616_ir2_lrc053_c11001000010,ILS,137,29,60,SUBOPTIMAL
s1616_ir2_lrc053_c11001000010,ILS,144,34,60,SUBOPTIMAL
s1616_ir2_lrc053_c11001000010,ILS,144,27,60,SUBOPTIMAL
s1616_ir2_lrc053_c11001000010,ILS,142,27,60,SUBOPTIMAL
s1616_is1_lrc155_c11001001110,ILS,95,15,60,SUBOPTIMAL
s1616_is1_lrc155_c11001001110,ILS,96,13,60,SUBOPTIMAL
s1616_is1_lrc155_c11001001110,ILS,101,18,60,SUBOPTIMAL
s1616_is1_lrc155_c11001001110,ILS,99,20,60,SUBOPTIMAL
s1616_is1_lrc155_c11001001110,ILS,97,15,60,SUBOPTIMAL
s1616_is1_lrc155_c11001000010,ILS,97,19,60,SUBOPTIMAL
s1616_is1_lrc155_c11001000010,ILS,96,23,60,SUBOPTIMAL
s1616_is1_lrc155_c11001000010,ILS,97,21,60,SUBOPTIMAL
s1616_is1_lrc155_c11001000010,ILS,100,21,60,SUBOPTIMAL
s1616_is1_lrc155_c11001000010,ILS,101,17,60,SUBOPTIMAL
s1616_is1_lrc155_c11001000100,ILS,95,18,60,SUBOPTIMAL
s1616_is1_lrc155_c11001000100,ILS,94,26,60,SUBOPTIMAL
s1616_is1_lrc155_c11001000100,ILS,95,18,60,SUBOPTIMAL
s1616_is1_lrc155_c11001000100,ILS,95,19,60,SUBOPTIMAL
s1616_is1_lrc155_c11001000100,ILS,99,20,60,SUBOPTIMAL
s1616_is2_lrc185_c11001001110,ILS,79,12,60,SUBOPTIMAL
s1616_is2_lrc185_c11001001110,ILS,81,15,60,SUBOPTIMAL
s1616_is2_lrc185_c11001001110,ILS,80,13,60,SUBOPTIMAL
s1616_is2_lrc185_c11001001110,ILS,76,15,60,SUBOPTIMAL
s1616_is2_lrc185_c11001001110,ILS,78,16,60,SUBOPTIMAL
s1616_is2_lrc185_c11001000100,ILS,76,14,60,SUBOPTIMAL
s1616_is2_lrc185_c11001000100,ILS,78,14,60,SUBOPTIMAL
s1616_is2_lrc185_c11001000100,ILS,80,13,60,SUBOPTIMAL
s1616_is2_lrc185_c11001000100,ILS,82,16,60,SUBOPTIMAL
s1616_is2_lrc185_c11001000100,ILS,78,13,60,SUBOPTIMAL
s1616_is2_lrc185_c11001000010,ILS,81,9,60,SUBOPTIMAL
s1616_is2_lrc185_c11001000010,ILS,86,18,60,SUBOPTIMAL
s1616_is2_lrc185_c11001000010,ILS,81,17,60,SUBOPTIMAL
s1616_is2_lrc185_c11001000010,ILS,80,16,60,SUBOPTIMAL
s1616_is2_lrc185_c11001000010,ILS,80,14,60,SUBOPTIMAL
s6464_ir1_lrc181_c11001000010,ILS,7911,1321,601,SUBOPTIMAL
s6464_ir1_lrc181_c11001000010,ILS,7899,1360,613,SUBOPTIMAL
s6464_ir1_lrc181_c11001000010,ILS,7903,1379,601,SUBOPTIMAL
s6464_ir1_lrc181_c11001000010,ILS,7865,1316,602,SUBOPTIMAL
s6464_ir1_lrc181_c11001000010,ILS,7875,1309,600,SUBOPTIMAL
s6464_ir1_lrc181_c11001001110,ILS,7955,1301,600,SUBOPTIMAL
s6464_ir1_lrc181_c11001001110,ILS,7856,1354,615,SUBOPTIMAL
s6464_ir1_lrc181_c11001001110,ILS,7914,1287,601,SUBOPTIMAL
s6464_ir1_lrc181_c11001001110,ILS,7924,1369,607,SUBOPTIMAL
s6464_ir1_lrc181_c11001001110,ILS,7921,1398,600,SUBOPTIMAL
s128128_is2_lrc055_c11001000010,ILS,7233,567,1204,SUBOPTIMAL
s128128_is2_lrc055_c11001000010,ILS,7206,621,1203,SUBOPTIMAL
s128128_is2_lrc055_c11001000010,ILS,7229,625,1204,SUBOPTIMAL
s128128_is2_lrc055_c11001000010,ILS,7282,577,1205,SUBOPTIMAL
s128128_is2_lrc055_c11001000010,ILS,7233,595,1204,SUBOPTIMAL
s128128_is2_lrc055_c11001001110,ILS,7273,669,1205,SUBOPTIMAL
s128128_is2_lrc055_c11001001110,ILS,7223,619,1210,SUBOPTIMAL
s128128_is2_lrc055_c11001001110,ILS,7294,581,1202,SUBOPTIMAL
s128128_is2_lrc055_c11001001110,ILS,7184,548,1203,SUBOPTIMAL
s128128_is2_lrc055_c11001001110,ILS,7215,591,1202,SUBOPTIMAL
s128128_is2_lrc055_c11001000100,ILS,7318,622,1204,SUBOPTIMAL
s128128_is2_lrc055_c11001000100,ILS,7345,633,1208,SUBOPTIMAL
s128128_is2_lrc055_c11001000100,ILS,7243,645,1208,SUBOPTIMAL
s128128_is2_lrc055_c11001000100,ILS,7302,685,1207,SUBOPTIMAL
s128128_is2_lrc055_c11001000100,ILS,7265,633,1200,SUBOPTIMAL
s128128_is1_lrc133_c11001000010,ILS,10540,981,1207,SUBOPTIMAL
s128128_is1_lrc133_c11001000010,ILS,10569,971,1202,SUBOPTIMAL
s128128_is1_lrc133_c11001000010,ILS,10582,954,1207,SUBOPTIMAL
s128128_is1_lrc133_c11001000010,ILS,10505,982,1204,SUBOPTIMAL
s128128_is1_lrc133_c11001000010,ILS,10593,902,1208,SUBOPTIMAL
s128128_is1_lrc133_c11001001110,ILS,10593,892,1203,SUBOPTIMAL
s128128_is1_lrc133_c11001001110,ILS,10493,938,1202,SUBOPTIMAL
s128128_is1_lrc133_c11001001110,ILS,10629,1004,1206,SUBOPTIMAL
s128128_is1_lrc133_c11001001110,ILS,10655,1036,1211,SUBOPTIMAL
s128128_is1_lrc133_c11001001110,ILS,10499,986,1210,SUBOPTIMAL
s128128_is1_lrc133_c11001000100,ILS,10641,1015,1214,SUBOPTIMAL
s128128_is1_lrc133_c11001000100,ILS,10622,998,1208,SUBOPTIMAL
s128128_is1_lrc133_c11001000100,ILS,10578,996,1206,SUBOPTIMAL
s128128_is1_lrc133_c11001000100,ILS,10564,984,1200,SUBOPTIMAL
s128128_is1_lrc133_c11001000100,ILS,10667,999,1212,SUBOPTIMAL
s6464_is2_lrc133_c11001001110,ILS,2633,341,600,SUBOPTIMAL
s6464_is2_lrc133_c11001001110,ILS,2653,361,600,SUBOPTIMAL
s6464_is2_lrc133_c11001001110,ILS,2636,329,600,SUBOPTIMAL
s6464_is2_lrc133_c11001001110,ILS,2623,293,600,SUBOPTIMAL
s6464_is2_lrc133_c11001001110,ILS,2619,321,600,SUBOPTIMAL
s6464_ir1_lrc181_c11001000100,ILS,7910,1450,603,SUBOPTIMAL
s6464_ir1_lrc181_c11001000100,ILS,7934,1401,616,SUBOPTIMAL
s6464_ir1_lrc181_c11001000100,ILS,7914,1426,615,SUBOPTIMAL
s6464_ir1_lrc181_c11001000100,ILS,7897,1503,601,SUBOPTIMAL
s6464_ir1_lrc181_c11001000100,ILS,7921,1406,618,SUBOPTIMAL
s6464_is2_lrc133_c11001000010,ILS,2602,310,600,SUBOPTIMAL
s6464_is2_lrc133_c11001000010,ILS,2644,347,601,SUBOPTIMAL
s6464_is2_lrc133_c11001000010,ILS,2628,333,600,SUBOPTIMAL
s6464_is2_lrc133_c11001000010,ILS,2609,363,600,SUBOPTIMAL
s6464_is2_lrc133_c11001000010,ILS,2627,311,601,SUBOPTIMAL
s6464_is2_lrc133_c11001000100,ILS,2648,420,601,SUBOPTIMAL
s6464_is2_lrc133_c11001000100,ILS,2644,399,600,SUBOPTIMAL
s6464_is2_lrc133_c11001000100,ILS,2635,310,601,SUBOPTIMAL
s6464_is2_lrc133_c11001000100,ILS,2680,346,600,SUBOPTIMAL
s6464_is2_lrc133_c11001000100,ILS,2646,411,601,SUBOPTIMAL
s1616_ir2_lrc053_c11001001111,ILS,138,31,60,SUBOPTIMAL
s1616_ir2_lrc053_c11001001111,ILS,143,33,60,SUBOPTIMAL
s1616_ir2_lrc053_c11001001111,ILS,146,31,60,SUBOPTIMAL
s1616_ir2_lrc053_c11001001111,ILS,146,31,60,SUBOPTIMAL
s1616_ir2_lrc053_c11001001111,ILS,145,33,60,SUBOPTIMAL
s1616_is2_lrc185_c11001001111,ILS,79,15,60,SUBOPTIMAL
s1616_is2_lrc185_c11001001111,ILS,81,20,60,SUBOPTIMAL
s1616_is2_lrc185_c11001001111,ILS,79,15,60,SUBOPTIMAL
s1616_is2_lrc185_c11001001111,ILS,81,12,60,SUBOPTIMAL
s1616_is2_lrc185_c11001001111,ILS,79,11,60,SUBOPTIMAL
s1616_ir0_lrc151_c11001001111,ILS,131,29,60,SUBOPTIMAL
s1616_ir0_lrc151_c11001001111,ILS,130,31,60,SUBOPTIMAL
s1616_ir0_lrc151_c11001001111,ILS,132,39,60,SUBOPTIMAL
s1616_ir0_lrc151_c11001001111,ILS,133,31,60,SUBOPTIMAL
s1616_ir0_lrc151_c11001001111,ILS,128,37,60,SUBOPTIMAL
s1616_is1_lrc155_c11001001111,ILS,100,13,60,SUBOPTIMAL
s1616_is1_lrc155_c11001001111,ILS,101,17,60,SUBOPTIMAL
s1616_is1_lrc155_c11001001111,ILS,96,23,60,SUBOPTIMAL
s1616_is1_lrc155_c11001001111,ILS,101,23,60,SUBOPTIMAL
s1616_is1_lrc155_c11001001111,ILS,99,19,60,SUBOPTIMAL
s1616_ir1_lrc131_c11001001111,ILS,202,49,60,SUBOPTIMAL
s1616_ir1_lrc131_c11001001111,ILS,200,37,60,SUBOPTIMAL
s1616_ir1_lrc131_c11001001111,ILS,204,36,60,SUBOPTIMAL
s1616_ir1_lrc131_c11001001111,ILS,196,46,60,SUBOPTIMAL
s1616_ir1_lrc131_c11001001111,ILS,199,45,60,SUBOPTIMAL
s1616_ir1_lrc185_c11001001111,ILS,110,26,60,SUBOPTIMAL
s1616_ir1_lrc185_c11001001111,ILS,113,20,60,SUBOPTIMAL
s1616_ir1_lrc185_c11001001111,ILS,109,23,60,SUBOPTIMAL
s1616_ir1_lrc185_c11001001111,ILS,113,22,60,SUBOPTIMAL
s1616_ir1_lrc185_c11001001111,ILS,111,26,60,SUBOPTIMAL
s1616_ir2_lrc053_c11001000111,ILS,142,27,60,SUBOPTIMAL
s1616_ir2_lrc053_c11001000111,ILS,145,37,60,SUBOPTIMAL
s1616_ir2_lrc053_c11001000111,ILS,145,27,60,SUBOPTIMAL
s1616_ir2_lrc053_c11001000111,ILS,147,27,60,SUBOPTIMAL
s1616_ir2_lrc053_c11001000111,ILS,146,27,60,SUBOPTIMAL
s1616_ir1_lrc131_c11001000111,ILS,197,41,60,SUBOPTIMAL
s1616_ir1_lrc131_c11001000111,ILS,202,46,60,SUBOPTIMAL
s1616_ir1_lrc131_c11001000111,ILS,202,53,60,SUBOPTIMAL
s1616_ir1_lrc131_c11001000111,ILS,198,39,60,SUBOPTIMAL
s1616_ir1_lrc131_c11001000111,ILS,204,37,60,SUBOPTIMAL
s1616_is1_lrc155_c11001000111,ILS,98,15,60,SUBOPTIMAL
s1616_is1_lrc155_c11001000111,ILS,98,17,60,SUBOPTIMAL
s1616_is1_lrc155_c11001000111,ILS,96,21,60,SUBOPTIMAL
s1616_is1_lrc155_c11001000111,ILS,100,22,60,SUBOPTIMAL
s1616_is1_lrc155_c11001000111,ILS,98,13,60,SUBOPTIMAL
s1616_is2_lrc185_c11001000111,ILS,81,16,60,SUBOPTIMAL
s1616_is2_lrc185_c11001000111,ILS,80,20,60,SUBOPTIMAL
s1616_is2_lrc185_c11001000111,ILS,79,17,60,SUBOPTIMAL
s1616_is2_lrc185_c11001000111,ILS,77,16,60,SUBOPTIMAL
s1616_is2_lrc185_c11001000111,ILS,80,12,60,SUBOPTIMAL
s1616_ir1_lrc185_c11001000111,ILS,114,26,60,SUBOPTIMAL
s1616_ir1_lrc185_c11001000111,ILS,111,28,60,SUBOPTIMAL
s1616_ir1_lrc185_c11001000111,ILS,114,28,60,SUBOPTIMAL
s1616_ir1_lrc185_c11001000111,ILS,111,23,60,SUBOPTIMAL
s1616_ir1_lrc185_c11001000111,ILS,111,22,60,SUBOPTIMAL
s1616_ir0_lrc151_c11001000111,ILS,136,28,60,SUBOPTIMAL
s1616_ir0_lrc151_c11001000111,ILS,131,26,60,SUBOPTIMAL
s1616_ir0_lrc151_c11001000111,ILS,133,22,60,SUBOPTIMAL
s1616_ir0_lrc151_c11001000111,ILS,131,37,60,SUBOPTIMAL
s1616_ir0_lrc151_c11001000111,ILS,133,25,60,SUBOPTIMAL
s6464_is2_lrc133_c11001000111,ILS,2611,326,600,SUBOPTIMAL
s6464_is2_lrc133_c11001000111,ILS,2641,350,1279,SUBOPTIMAL
s6464_is2_lrc133_c11001000111,ILS,2738,281,600,SUBOPTIMAL
s6464_is2_lrc133_c11001000111,ILS,2658,318,602,SUBOPTIMAL
s6464_is2_lrc133_c11001000111,ILS,2612,324,600,SUBOPTIMAL
s6464_ir1_lrc181_c11001000111,ILS,7893,1431,600,SUBOPTIMAL
s6464_ir1_lrc181_c11001000111,ILS,7968,1388,1890,SUBOPTIMAL
s6464_ir1_lrc181_c11001000111,ILS,7873,1346,613,SUBOPTIMAL
s6464_ir1_lrc181_c11001000111,ILS,7877,1351,604,SUBOPTIMAL
s6464_ir1_lrc181_c11001000111,ILS,7901,1442,604,SUBOPTIMAL
s128128_is2_lrc055_c11001000111,ILS,7310,653,1203,SUBOPTIMAL
s128128_is2_lrc055_c11001000111,ILS,7701,575,1242,SUBOPTIMAL
s128128_is2_lrc055_c11001000111,ILS,7229,578,1203,SUBOPTIMAL
s128128_is2_lrc055_c11001000111,ILS,7256,532,1203,SUBOPTIMAL
s128128_is2_lrc055_c11001000111,ILS,7261,571,1206,SUBOPTIMAL
s128128_is1_lrc133_c11001000111,ILS,10649,1057,2185,SUBOPTIMAL
s128128_is1_lrc133_c11001000111,ILS,10669,928,1211,SUBOPTIMAL
s128128_is1_lrc133_c11001000111,ILS,10619,1086,1211,SUBOPTIMAL
s128128_is1_lrc133_c11001000111,ILS,10599,1034,1200,SUBOPTIMAL
s128128_is1_lrc133_c11001000111,ILS,10581,1102,1207,SUBOPTIMAL
s128128_is1_lrc133_c11001010110,ILS,10865,912,1204,SUBOPTIMAL
s128128_is1_lrc133_c11001010110,ILS,10902,920,1203,SUBOPTIMAL
s128128_is1_lrc133_c11001010110,ILS,10886,906,1202,SUBOPTIMAL
s128128_is1_lrc133_c11001010110,ILS,10931,952,1203,SUBOPTIMAL
s128128_is1_lrc133_c11001010110,ILS,10890,930,1202,SUBOPTIMAL
s128128_is2_lrc055_c11001010110,ILS,7382,545,1202,SUBOPTIMAL
s128128_is2_lrc055_c11001010110,ILS,7372,529,1206,SUBOPTIMAL
s128128_is2_lrc055_c11001010110,ILS,7333,580,1203,SUBOPTIMAL
s128128_is2_lrc055_c11001010110,ILS,7397,535,1203,SUBOPTIMAL
s128128_is2_lrc055_c11001010110,ILS,7403,576,1202,SUBOPTIMAL
s128128_is1_lrc133_c11101000110,ILS,10521,908,1202,SUBOPTIMAL
s128128_is1_lrc133_c11101000110,ILS,10577,982,1203,SUBOPTIMAL
s128128_is1_lrc133_c11101000110,ILS,10524,864,1209,SUBOPTIMAL
s128128_is1_lrc133_c11101000110,ILS,10594,851,1205,SUBOPTIMAL
s128128_is1_lrc133_c11101000110,ILS,10610,958,1204,SUBOPTIMAL
s128128_is2_lrc055_c11101000110,ILS,7217,547,1205,SUBOPTIMAL
s128128_is2_lrc055_c11101000110,ILS,7245,581,1200,SUBOPTIMAL
s128128_is2_lrc055_c11101000110,ILS,7214,539,1202,SUBOPTIMAL
s128128_is2_lrc055_c11101000110,ILS,7187,586,1208,SUBOPTIMAL
s128128_is2_lrc055_c11101000110,ILS,7186,523,1206,SUBOPTIMAL
s128128_is1_lrc133_c11001100110,ILS,10797,866,1204,SUBOPTIMAL
s128128_is1_lrc133_c11001100110,ILS,10716,892,1207,SUBOPTIMAL
s128128_is1_lrc133_c11001100110,ILS,10891,938,1342,SUBOPTIMAL
s128128_is1_lrc133_c11001100110,ILS,10763,898,1207,SUBOPTIMAL
s128128_is1_lrc133_c11001100110,ILS,10747,899,1207,SUBOPTIMAL
s128128_is1_lrc133_c11011000110,ILS,10667,922,1200,SUBOPTIMAL
s128128_is1_lrc133_c11011000110,ILS,10728,849,1253,SUBOPTIMAL
s128128_is1_lrc133_c11011000110,ILS,10681,855,1201,SUBOPTIMAL
s128128_is1_lrc133_c11011000110,ILS,10688,828,1269,SUBOPTIMAL
s128128_is1_lrc133_c11011000110,ILS,10612,864,1260,SUBOPTIMAL
s128128_is2_lrc055_c11011000110,ILS,7340,549,1204,SUBOPTIMAL
s128128_is2_lrc055_c11011000110,ILS,7346,528,1280,SUBOPTIMAL
s128128_is2_lrc055_c11011000110,ILS,7323,571,1226,SUBOPTIMAL
s128128_is2_lrc055_c11011000110,ILS,7326,540,1282,SUBOPTIMAL
s128128_is2_lrc055_c11011000110,ILS,7383,534,1299,SUBOPTIMAL
s1616_ir0_lrc151_c11101000110,ILS,128,31,60,SUBOPTIMAL
s1616_ir0_lrc151_c11101000110,ILS,124,25,60,SUBOPTIMAL
s1616_ir0_lrc151_c11101000110,ILS,129,23,60,SUBOPTIMAL
s1616_ir0_lrc151_c11101000110,ILS,129,29,60,SUBOPTIMAL
s1616_ir0_lrc151_c11101000110,ILS,129,27,60,SUBOPTIMAL
s1616_ir0_lrc151_c11011000110,ILS,130,25,60,SUBOPTIMAL
s1616_ir0_lrc151_c11011000110,ILS,127,29,60,SUBOPTIMAL
s1616_ir0_lrc151_c11011000110,ILS,129,22,60,SUBOPTIMAL
s1616_ir0_lrc151_c11011000110,ILS,129,35,60,SUBOPTIMAL
s1616_ir0_lrc151_c11011000110,ILS,130,21,60,SUBOPTIMAL
s1616_ir0_lrc151_c11001010110,ILS,129,31,60,SUBOPTIMAL
s1616_ir0_lrc151_c11001010110,ILS,122,30,60,SUBOPTIMAL
s1616_ir0_lrc151_c11001010110,ILS,130,31,60,SUBOPTIMAL
s1616_ir0_lrc151_c11001010110,ILS,127,30,60,SUBOPTIMAL
s1616_ir0_lrc151_c11001010110,ILS,129,29,60,SUBOPTIMAL
s1616_ir0_lrc151_c11001100110,ILS,137,29,60,SUBOPTIMAL
s1616_ir0_lrc151_c11001100110,ILS,132,24,60,SUBOPTIMAL
s1616_ir0_lrc151_c11001100110,ILS,138,29,60,SUBOPTIMAL
s1616_ir0_lrc151_c11001100110,ILS,135,24,60,SUBOPTIMAL
s1616_ir0_lrc151_c11001100110,ILS,133,36,60,SUBOPTIMAL
s1616_ir1_lrc131_c11101000110,ILS,192,42,60,SUBOPTIMAL
s1616_ir1_lrc131_c11101000110,ILS,197,36,60,SUBOPTIMAL
s1616_ir1_lrc131_c11101000110,ILS,202,35,60,SUBOPTIMAL
s1616_ir1_lrc131_c11101000110,ILS,196,42,60,SUBOPTIMAL
s1616_ir1_lrc131_c11101000110,ILS,192,43,60,SUBOPTIMAL
s1616_ir1_lrc131_c11011000110,ILS,197,45,60,SUBOPTIMAL
s1616_ir1_lrc131_c11011000110,ILS,198,47,60,SUBOPTIMAL
s1616_ir1_lrc131_c11011000110,ILS,207,40,60,SUBOPTIMAL
s1616_ir1_lrc131_c11011000110,ILS,201,35,60,SUBOPTIMAL
s1616_ir1_lrc131_c11011000110,ILS,199,35,60,SUBOPTIMAL
s1616_ir1_lrc131_c11001100110,ILS,210,43,60,SUBOPTIMAL
s1616_ir1_lrc131_c11001100110,ILS,207,32,60,SUBOPTIMAL
s1616_ir1_lrc131_c11001100110,ILS,205,45,60,SUBOPTIMAL
s1616_ir1_lrc131_c11001100110,ILS,202,38,60,SUBOPTIMAL
s1616_ir1_lrc131_c11001100110,ILS,201,47,60,SUBOPTIMAL
s1616_ir1_lrc131_c11001010110,ILS,197,51,60,SUBOPTIMAL
s1616_ir1_lrc131_c11001010110,ILS,202,40,60,SUBOPTIMAL
s1616_ir1_lrc131_c11001010110,ILS,200,42,60,SUBOPTIMAL
s1616_ir1_lrc131_c11001010110,ILS,199,45,60,SUBOPTIMAL
s1616_ir1_lrc131_c11001010110,ILS,201,45,60,SUBOPTIMAL
s1616_ir1_lrc185_c11101000110,ILS,113,25,60,SUBOPTIMAL
s1616_ir1_lrc185_c11101000110,ILS,111,22,60,SUBOPTIMAL
s1616_ir1_lrc185_c11101000110,ILS,108,25,60,SUBOPTIMAL
s1616_ir1_lrc185_c11101000110,ILS,107,23,60,SUBOPTIMAL
s1616_ir1_lrc185_c11101000110,ILS,112,23,60,SUBOPTIMAL
s1616_ir1_lrc185_c11011000110,ILS,108,24,60,SUBOPTIMAL
s1616_ir1_lrc185_c11011000110,ILS,103,25,60,SUBOPTIMAL
s1616_ir1_lrc185_c11011000110,ILS,110,21,60,SUBOPTIMAL
s1616_ir1_lrc185_c11011000110,ILS,105,22,60,SUBOPTIMAL
s1616_ir1_lrc185_c11011000110,ILS,107,30,60,SUBOPTIMAL
s1616_ir1_lrc185_c11001100110,ILS,109,25,60,SUBOPTIMAL
s1616_ir1_lrc185_c11001100110,ILS,116,27,60,SUBOPTIMAL
s1616_ir1_lrc185_c11001100110,ILS,113,25,60,SUBOPTIMAL
s1616_ir1_lrc185_c11001100110,ILS,113,23,60,SUBOPTIMAL
s1616_ir1_lrc185_c11001100110,ILS,115,23,60,SUBOPTIMAL
s1616_ir1_lrc185_c11001010110,ILS,104,19,60,SUBOPTIMAL
s1616_ir1_lrc185_c11001010110,ILS,108,28,60,SUBOPTIMAL
s1616_ir1_lrc185_c11001010110,ILS,111,23,60,SUBOPTIMAL
s1616_ir1_lrc185_c11001010110,ILS,111,22,60,SUBOPTIMAL
s1616_ir1_lrc185_c11001010110,ILS,110,23,60,SUBOPTIMAL
s1616_ir2_lrc053_c11101000110,ILS,144,22,60,SUBOPTIMAL
s1616_ir2_lrc053_c11101000110,ILS,143,26,60,SUBOPTIMAL
s1616_ir2_lrc053_c11101000110,ILS,139,28,60,SUBOPTIMAL
s1616_ir2_lrc053_c11101000110,ILS,141,24,60,SUBOPTIMAL
s1616_ir2_lrc053_c11101000110,ILS,140,26,60,SUBOPTIMAL
s1616_ir2_lrc053_c11011000110,ILS,148,29,60,SUBOPTIMAL
s1616_ir2_lrc053_c11011000110,ILS,151,25,60,SUBOPTIMAL
s1616_ir2_lrc053_c11011000110,ILS,143,26,60,SUBOPTIMAL
s1616_ir2_lrc053_c11011000110,ILS,141,28,60,SUBOPTIMAL
s1616_ir2_lrc053_c11011000110,ILS,141,36,60,SUBOPTIMAL
s1616_ir2_lrc053_c11001100110,ILS,143,29,60,SUBOPTIMAL
s1616_ir2_lrc053_c11001100110,ILS,149,29,60,SUBOPTIMAL
s1616_ir2_lrc053_c11001100110,ILS,139,32,60,SUBOPTIMAL
s1616_ir2_lrc053_c11001100110,ILS,141,31,60,SUBOPTIMAL
s1616_ir2_lrc053_c11001100110,ILS,150,28,60,SUBOPTIMAL
s1616_ir2_lrc053_c11001010110,ILS,145,26,60,SUBOPTIMAL
s1616_ir2_lrc053_c11001010110,ILS,141,30,60,SUBOPTIMAL
s1616_ir2_lrc053_c11001010110,ILS,143,31,60,SUBOPTIMAL
s1616_ir2_lrc053_c11001010110,ILS,145,28,60,SUBOPTIMAL
s1616_ir2_lrc053_c11001010110,ILS,144,29,60,SUBOPTIMAL
s1616_is1_lrc155_c11101000110,ILS,95,18,60,SUBOPTIMAL
s1616_is1_lrc155_c11101000110,ILS,98,17,60,SUBOPTIMAL
s1616_is1_lrc155_c11101000110,ILS,97,21,60,SUBOPTIMAL
s1616_is1_lrc155_c11101000110,ILS,95,16,60,SUBOPTIMAL
s1616_is1_lrc155_c11101000110,ILS,100,18,60,SUBOPTIMAL
s1616_is1_lrc155_c11011000110,ILS,104,17,60,SUBOPTIMAL
s1616_is1_lrc155_c11011000110,ILS,96,22,60,SUBOPTIMAL
s1616_is1_lrc155_c11011000110,ILS,101,21,60,SUBOPTIMAL
s1616_is1_lrc155_c11011000110,ILS,108,15,60,SUBOPTIMAL
s1616_is1_lrc155_c11011000110,ILS,98,18,60,SUBOPTIMAL
s1616_is1_lrc155_c11001100110,ILS,102,15,60,SUBOPTIMAL
s1616_is1_lrc155_c11001100110,ILS,96,17,60,SUBOPTIMAL
s1616_is1_lrc155_c11001100110,ILS,99,21,60,SUBOPTIMAL
s1616_is1_lrc155_c11001100110,ILS,103,20,60,SUBOPTIMAL
s1616_is1_lrc155_c11001100110,ILS,102,19,60,SUBOPTIMAL
s1616_is1_lrc155_c11001010110,ILS,97,19,60,SUBOPTIMAL
s1616_is1_lrc155_c11001010110,ILS,101,20,60,SUBOPTIMAL
s1616_is1_lrc155_c11001010110,ILS,99,13,60,SUBOPTIMAL
s1616_is1_lrc155_c11001010110,ILS,99,18,60,SUBOPTIMAL
s1616_is1_lrc155_c11001010110,ILS,97,19,60,SUBOPTIMAL
s1616_is2_lrc185_c11101000110,ILS,77,18,60,SUBOPTIMAL
s1616_is2_lrc185_c11101000110,ILS,80,15,60,SUBOPTIMAL
s1616_is2_lrc185_c11101000110,ILS,77,16,60,SUBOPTIMAL
s1616_is2_lrc185_c11101000110,ILS,78,14,60,SUBOPTIMAL
s1616_is2_lrc185_c11101000110,ILS,80,13,60,SUBOPTIMAL
s1616_is2_lrc185_c11011000110,ILS,73,14,60,SUBOPTIMAL
s1616_is2_lrc185_c11011000110,ILS,80,16,60,SUBOPTIMAL
s1616_is2_lrc185_c11011000110,ILS,77,17,60,SUBOPTIMAL
s1616_is2_lrc185_c11011000110,ILS,82,14,60,SUBOPTIMAL
s1616_is2_lrc185_c11011000110,ILS,76,12,60,SUBOPTIMAL
s1616_is2_lrc185_c11001100110,ILS,76,12,60,SUBOPTIMAL
s1616_is2_lrc185_c11001100110,ILS,79,13,60,SUBOPTIMAL
s1616_is2_lrc185_c11001100110,ILS,77,18,60,SUBOPTIMAL
s1616_is2_lrc185_c11001100110,ILS,78,12,60,SUBOPTIMAL
s1616_is2_lrc185_c11001100110,ILS,84,15,60,SUBOPTIMAL
s1616_is2_lrc185_c11001010110,ILS,75,14,60,SUBOPTIMAL
s1616_is2_lrc185_c11001010110,ILS,81,13,60,SUBOPTIMAL
s1616_is2_lrc185_c11001010110,ILS,76,19,60,SUBOPTIMAL
s1616_is2_lrc185_c11001010110,ILS,76,14,60,SUBOPTIMAL
s1616_is2_lrc185_c11001010110,ILS,82,13,60,SUBOPTIMAL
s128128_is2_lrc055_c11001100110,ILS,7427,558,1515,SUBOPTIMAL
s128128_is2_lrc055_c11001100110,ILS,7384,582,1415,SUBOPTIMAL
s128128_is2_lrc055_c11001100110,ILS,7404,545,1466,SUBOPTIMAL
s128128_is2_lrc055_c11001100110,ILS,7408,579,1483,SUBOPTIMAL
s128128_is2_lrc055_c11001100110,ILS,7386,556,1517,SUBOPTIMAL
s6464_ir1_lrc181_c11101000110,ILS,7891,1383,602,SUBOPTIMAL
s6464_ir1_lrc181_c11101000110,ILS,7867,1330,600,SUBOPTIMAL
s6464_ir1_lrc181_c11101000110,ILS,7895,1311,612,SUBOPTIMAL
s6464_ir1_lrc181_c11101000110,ILS,7896,1388,617,SUBOPTIMAL
s6464_ir1_lrc181_c11101000110,ILS,7921,1418,617,SUBOPTIMAL
s6464_ir1_lrc181_c11011000110,ILS,7881,1319,600,SUBOPTIMAL
s6464_ir1_lrc181_c11011000110,ILS,7961,1264,612,SUBOPTIMAL
s6464_ir1_lrc181_c11011000110,ILS,7943,1404,604,SUBOPTIMAL
s6464_ir1_lrc181_c11011000110,ILS,7971,1284,615,SUBOPTIMAL
s6464_ir1_lrc181_c11011000110,ILS,7975,1218,613,SUBOPTIMAL
s6464_is2_lrc133_c11101000110,ILS,2640,374,600,SUBOPTIMAL
s6464_is2_lrc133_c11101000110,ILS,2609,372,600,SUBOPTIMAL
s6464_is2_lrc133_c11101000110,ILS,2614,343,600,SUBOPTIMAL
s6464_is2_lrc133_c11101000110,ILS,2623,351,600,SUBOPTIMAL
s6464_is2_lrc133_c11101000110,ILS,2642,298,600,SUBOPTIMAL
s6464_is2_lrc133_c11011000110,ILS,2625,354,600,SUBOPTIMAL
s6464_is2_lrc133_c11011000110,ILS,2653,328,600,SUBOPTIMAL
s6464_is2_lrc133_c11011000110,ILS,2654,293,604,SUBOPTIMAL
s6464_is2_lrc133_c11011000110,ILS,2648,326,601,SUBOPTIMAL
s6464_is2_lrc133_c11011000110,ILS,2644,327,602,SUBOPTIMAL
s6464_ir1_lrc181_c11001010110,ILS,7911,1283,615,SUBOPTIMAL
s6464_ir1_lrc181_c11001010110,ILS,7923,1270,601,SUBOPTIMAL
s6464_ir1_lrc181_c11001010110,ILS,7957,1244,614,SUBOPTIMAL
s6464_ir1_lrc181_c11001010110,ILS,7916,1292,600,SUBOPTIMAL
s6464_ir1_lrc181_c11001010110,ILS,7952,1324,615,SUBOPTIMAL
s6464_is2_lrc133_c11001100110,ILS,2715,266,603,SUBOPTIMAL
s6464_is2_lrc133_c11001100110,ILS,2707,301,627,SUBOPTIMAL
s6464_is2_lrc133_c11001100110,ILS,2721,300,618,SUBOPTIMAL
s6464_is2_lrc133_c11001100110,ILS,2716,266,618,SUBOPTIMAL
s6464_is2_lrc133_c11001100110,ILS,2719,267,621,SUBOPTIMAL
s6464_is2_lrc133_c11001010110,ILS,2623,322,601,SUBOPTIMAL
s6464_is2_lrc133_c11001010110,ILS,2659,293,601,SUBOPTIMAL
s6464_is2_lrc133_c11001010110,ILS,2636,314,601,SUBOPTIMAL
s6464_is2_lrc133_c11001010110,ILS,2646,297,601,SUBOPTIMAL
s6464_is2_lrc133_c11001010110,ILS,2643,286,601,SUBOPTIMAL
s6464_ir1_lrc181_c11001100110,ILS,8005,1263,726,SUBOPTIMAL
s6464_ir1_lrc181_c11001100110,ILS,7981,1270,730,SUBOPTIMAL
s6464_ir1_lrc181_c11001100110,ILS,8030,1282,730,SUBOPTIMAL
s6464_ir1_lrc181_c11001100110,ILS,7997,1301,719,SUBOPTIMAL
s6464_ir1_lrc181_c11001100110,ILS,7970,1240,711,SUBOPTIMAL
